timestamp,activity_type,heart_rate,cadence,enhanced_speed,enhanced_altitude,distance,temperature
2019-08-17 07:12:00+00:00,cycling,94,38,0.0,260.0,0.0,21
2019-08-17 07:12:01+00:00,cycling,94,39,0.174,260.1,0.2,22
2019-08-17 07:12:02+00:00,cycling,96,41,0.568,260.3,0.7,21
2019-08-17 07:12:03+00:00,cycling,96,46,0.499,260.4,1.2,21
2019-08-17 07:12:04+00:00,cycling,96,33,0.434,260.5,1.7,21
2019-08-17 07:12:05+00:00,cycling,95,31,0.605,260.6,2.3,21
2019-08-17 07:12:06+00:00,cycling,98,34,0.59,260.7,2.9,21
2019-08-17 07:12:07+00:00,cycling,96,44,0.647,260.8,3.5,21
2019-08-17 07:12:08+00:00,cycling,97,34,0.758,261.0,4.3,21
2019-08-17 07:12:09+00:00,cycling,98,39,1.144,261.1,5.4,21
2019-08-17 07:12:10+00:00,cycling,96,38,1.36,261.2,6.8,21
2019-08-17 07:12:11+00:00,cycling,98,40,1.219,261.3,8.0,21
2019-08-17 07:12:12+00:00,cycling,98,44,1.002,261.4,9.0,21
2019-08-17 07:12:13+00:00,cycling,97,41,1.742,261.5,10.7,21
2019-08-17 07:12:14+00:00,cycling,96,43,1.744,261.6,12.5,21
2019-08-17 07:12:15+00:00,cycling,96,43,1.69,261.8,14.2,21
2019-08-17 07:12:16+00:00,cycling,97,42,2.029,261.9,16.2,21
2019-08-17 07:12:17+00:00,cycling,97,47,2.03,262.0,18.2,21
2019-08-17 07:12:18+00:00,cycling,97,42,1.92,262.1,20.2,21
2019-08-17 07:12:19+00:00,cycling,98,48,2.292,262.3,22.4,21
2019-08-17 07:12:20+00:00,cycling,98,50,2.498,262.4,24.9,21
2019-08-17 07:12:21+00:00,cycling,98,52,2.545,262.6,27.5,21
2019-08-17 07:12:22+00:00,cycling,99,52,2.504,262.7,30.0,21
2019-08-17 07:12:23+00:00,cycling,100,47,3.156,262.8,33.1,21
2019-08-17 07:12:24+00:00,cycling,100,48,3.116,262.9,36.3,21
2019-08-17 07:12:25+00:00,cycling,98,48,3.096,263.0,39.4,21
2019-08-17 07:12:26+00:00,cycling,99,49,2.976,263.1,42.3,21
2019-08-17 07:12:27+00:00,cycling,99,57,3.327,263.2,45.7,21
2019-08-17 07:12:28+00:00,cycling,97,45,2.891,263.3,48.6,21
2019-08-17 07:12:29+00:00,cycling,100,56,3.258,263.4,51.8,21
2019-08-17 07:12:30+00:00,cycling,98,52,3.873,263.5,55.7,21
2019-08-17 07:12:31+00:00,cycling,102,58,4.094,263.7,59.8,21
2019-08-17 07:12:32+00:00,cycling,103,56,3.659,263.8,63.4,21
2019-08-17 07:12:33+00:00,cycling,100,54,3.986,263.9,67.4,21
2019-08-17 07:12:34+00:00,cycling,101,61,4.164,264.0,71.6,21
2019-08-17 07:12:35+00:00,cycling,99,52,3.91,264.1,75.5,21
2019-08-17 07:12:36+00:00,cycling,99,53,3.998,264.2,79.5,21
2019-08-17 07:12:37+00:00,cycling,101,59,4.857,264.4,84.4,20
2019-08-17 07:12:38+00:00,cycling,99,66,4.616,264.5,89.0,21
2019-08-17 07:12:39+00:00,cycling,102,61,4.558,264.6,93.5,21
2019-08-17 07:12:40+00:00,cycling,99,59,4.896,264.7,98.4,21
2019-08-17 07:12:41+00:00,cycling,101,61,5.083,264.8,103.5,21
2019-08-17 07:12:42+00:00,cycling,98,62,5.258,264.9,108.8,21
2019-08-17 07:12:43+00:00,cycling,101,65,5.125,265.0,113.9,21
2019-08-17 07:12:44+00:00,cycling,103,65,5.108,265.1,119.0,21
2019-08-17 07:12:45+00:00,cycling,103,71,5.718,265.2,124.7,21
2019-08-17 07:12:46+00:00,cycling,100,68,5.182,265.3,129.9,21
2019-08-17 07:12:47+00:00,cycling,103,57,5.468,265.4,135.4,21
2019-08-17 07:12:48+00:00,cycling,103,66,5.806,265.5,141.2,21
2019-08-17 07:12:49+00:00,cycling,103,67,5.831,265.6,147.0,22
2019-08-17 07:12:50+00:00,cycling,103,74,5.659,265.7,152.7,21
2019-08-17 07:12:51+00:00,cycling,103,75,6.208,265.8,158.9,21
2019-08-17 07:12:52+00:00,cycling,102,69,6.127,265.9,165.0,21
2019-08-17 07:12:53+00:00,cycling,104,72,6.528,266.0,171.5,22
2019-08-17 07:12:54+00:00,cycling,104,66,6.495,266.1,178.0,21
2019-08-17 07:12:55+00:00,cycling,103,71,6.579,266.2,184.6,21
2019-08-17 07:12:56+00:00,cycling,104,67,6.815,266.3,191.4,21
2019-08-17 07:12:57+00:00,cycling,105,80,6.805,266.4,198.2,21
2019-08-17 07:12:58+00:00,cycling,103,76,7.114,266.6,205.3,21
2019-08-17 07:12:59+00:00,cycling,104,77,7.094,266.7,212.4,21
2019-08-17 07:13:00+00:00,cycling,105,89,8.75,266.8,221.2,21
2019-08-17 07:13:01+00:00,cycling,103,88,8.925,267.0,230.1,21
2019-08-17 07:13:02+00:00,cycling,103,92,8.696,267.1,238.8,21
2019-08-17 07:13:03+00:00,cycling,104,78,8.608,267.2,247.4,21
2019-08-17 07:13:04+00:00,cycling,105,86,8.382,267.3,255.8,21
2019-08-17 07:13:05+00:00,cycling,106,89,8.874,267.4,264.7,21
2019-08-17 07:13:06+00:00,cycling,102,83,8.953,267.5,273.6,22
2019-08-17 07:13:07+00:00,cycling,107,80,8.766,267.6,282.4,21
2019-08-17 07:13:08+00:00,cycling,104,89,8.86,267.7,291.2,20
2019-08-17 07:13:09+00:00,cycling,106,78,8.568,267.8,299.8,21
2019-08-17 07:13:10+00:00,cycling,107,84,8.74,267.9,308.6,21
2019-08-17 07:13:11+00:00,cycling,105,84,8.724,268.1,317.3,21
2019-08-17 07:13:12+00:00,cycling,106,82,8.881,268.2,326.2,21
2019-08-17 07:13:13+00:00,cycling,105,91,8.661,268.3,334.8,21
2019-08-17 07:13:14+00:00,cycling,105,84,9.177,268.4,344.0,21
2019-08-17 07:13:15+00:00,cycling,107,82,8.621,268.6,352.6,21
2019-08-17 07:13:16+00:00,cycling,106,85,8.752,268.7,361.4,21
2019-08-17 07:13:17+00:00,cycling,108,89,9.123,268.8,370.5,21
2019-08-17 07:13:18+00:00,cycling,107,86,8.806,268.9,379.3,22
2019-08-17 07:13:19+00:00,cycling,106,91,8.969,269.0,388.3,21
2019-08-17 07:13:20+00:00,cycling,105,85,8.332,269.1,396.6,21
2019-08-17 07:13:21+00:00,cycling,106,82,8.623,269.2,405.2,20
2019-08-17 07:13:22+00:00,cycling,106,79,8.274,269.4,413.5,20
2019-08-17 07:13:23+00:00,cycling,108,81,8.522,269.5,422.0,21
2019-08-17 07:13:24+00:00,cycling,105,86,8.768,269.6,430.8,21
2019-08-17 07:13:25+00:00,cycling,106,81,9.099,269.6,439.9,21
2019-08-17 07:13:26+00:00,cycling,108,92,8.676,269.7,448.6,21
2019-08-17 07:13:27+00:00,cycling,109,86,8.527,269.9,457.1,21
2019-08-17 07:13:28+00:00,cycling,106,84,8.951,269.9,466.0,21
2019-08-17 07:13:29+00:00,cycling,108,87,8.602,270.1,474.6,21
2019-08-17 07:13:30+00:00,cycling,108,83,8.922,270.1,483.6,21
2019-08-17 07:13:31+00:00,cycling,110,85,8.661,270.2,492.2,21
2019-08-17 07:13:32+00:00,cycling,108,93,9.387,270.3,501.6,21
2019-08-17 07:13:33+00:00,cycling,108,83,8.789,270.4,510.4,21
2019-08-17 07:13:34+00:00,cycling,110,85,9.135,270.4,519.5,21
2019-08-17 07:13:35+00:00,cycling,109,86,8.446,270.5,528.0,21
2019-08-17 07:13:36+00:00,cycling,108,87,8.789,270.6,536.8,21
2019-08-17 07:13:37+00:00,cycling,107,95,9.057,270.7,545.8,21
2019-08-17 07:13:38+00:00,cycling,108,84,8.908,270.8,554.7,21
2019-08-17 07:13:39+00:00,cycling,107,88,8.629,271.0,563.4,21
2019-08-17 07:13:40+00:00,cycling,108,82,8.629,271.1,572.0,21
2019-08-17 07:13:41+00:00,cycling,110,95,8.896,271.2,580.9,21
2019-08-17 07:13:42+00:00,cycling,110,83,8.685,271.3,589.6,21
2019-08-17 07:13:43+00:00,cycling,109,85,9.1,271.4,598.7,21
2019-08-17 07:13:44+00:00,cycling,110,83,8.625,271.5,607.3,21
2019-08-17 07:13:45+00:00,cycling,112,87,9.031,271.6,616.3,21
2019-08-17 07:13:46+00:00,cycling,112,89,9.178,271.7,625.5,21
2019-08-17 07:13:47+00:00,cycling,112,88,8.655,271.8,634.2,22
2019-08-17 07:13:48+00:00,cycling,111,84,8.631,271.8,642.8,21
2019-08-17 07:13:49+00:00,cycling,110,86,8.293,271.9,651.1,21
2019-08-17 07:13:50+00:00,cycling,110,90,8.456,272.0,659.5,21
2019-08-17 07:13:51+00:00,cycling,110,88,8.785,272.1,668.3,21
2019-08-17 07:13:52+00:00,cycling,109,93,8.863,272.2,677.2,21
2019-08-17 07:13:53+00:00,cycling,110,84,9.171,272.3,686.4,21
2019-08-17 07:13:54+00:00,cycling,111,86,8.611,272.3,695.0,21
2019-08-17 07:13:55+00:00,cycling,112,82,8.475,272.5,703.4,21
2019-08-17 07:13:56+00:00,cycling,112,75,8.111,272.5,711.6,21
2019-08-17 07:13:57+00:00,cycling,113,85,9.05,272.6,720.6,20
2019-08-17 07:13:58+00:00,cycling,110,77,8.697,272.7,729.3,21
2019-08-17 07:13:59+00:00,cycling,112,93,8.506,272.8,737.8,21
2019-08-17 07:14:00+00:00,cycling,110,85,9.021,272.8,746.8,21
2019-08-17 07:14:01+00:00,cycling,111,86,8.633,273.0,755.5,21
2019-08-17 07:14:02+00:00,cycling,111,85,8.662,273.1,764.1,21
2019-08-17 07:14:03+00:00,cycling,113,84,8.794,273.2,772.9,21
2019-08-17 07:14:04+00:00,cycling,111,79,8.354,273.3,781.3,21
2019-08-17 07:14:05+00:00,cycling,114,91,8.715,273.3,790.0,21
2019-08-17 07:14:06+00:00,cycling,110,86,8.35,273.4,798.3,21
2019-08-17 07:14:07+00:00,cycling,112,88,9.166,273.5,807.5,21
2019-08-17 07:14:08+00:00,cycling,114,79,8.38,273.6,815.9,21
2019-08-17 07:14:09+00:00,cycling,113,82,8.493,273.7,824.4,21
2019-08-17 07:14:10+00:00,cycling,112,89,8.472,273.7,832.8,21
2019-08-17 07:14:11+00:00,cycling,112,82,8.409,273.8,841.3,21
2019-08-17 07:14:12+00:00,cycling,113,83,8.401,273.9,849.7,21
2019-08-17 07:14:13+00:00,cycling,111,86,8.815,274.0,858.5,21
2019-08-17 07:14:14+00:00,cycling,114,82,8.026,274.1,866.5,21
2019-08-17 07:14:15+00:00,cycling,113,88,8.848,274.2,875.3,22
2019-08-17 07:14:16+00:00,cycling,115,82,8.103,274.3,883.4,21
2019-08-17 07:14:17+00:00,cycling,112,84,8.547,274.3,892.0,22
2019-08-17 07:14:18+00:00,cycling,113,75,7.874,274.4,899.9,21
2019-08-17 07:14:19+00:00,cycling,112,85,8.771,274.5,908.6,21
2019-08-17 07:14:20+00:00,cycling,113,86,8.466,274.5,917.1,20
2019-08-17 07:14:21+00:00,cycling,115,82,8.695,274.6,925.8,21
2019-08-17 07:14:22+00:00,cycling,112,93,8.459,274.7,934.3,21
2019-08-17 07:14:23+00:00,cycling,115,84,8.573,274.8,942.8,21
2019-08-17 07:14:24+00:00,cycling,114,87,8.639,274.9,951.5,21
2019-08-17 07:14:25+00:00,cycling,116,79,8.028,275.0,959.5,21
2019-08-17 07:14:26+00:00,cycling,112,82,8.378,275.0,967.9,21
2019-08-17 07:14:27+00:00,cycling,114,85,8.55,275.1,976.4,21
2019-08-17 07:14:28+00:00,cycling,117,85,8.464,275.2,984.9,21
2019-08-17 07:14:29+00:00,cycling,114,87,8.142,275.2,993.0,22
2019-08-17 07:14:30+00:00,cycling,116,86,8.329,275.3,1001.4,21
2019-08-17 07:14:31+00:00,cycling,114,90,8.51,275.4,1009.9,21
2019-08-17 07:14:32+00:00,cycling,116,82,8.666,275.4,1018.5,21
2019-08-17 07:14:33+00:00,cycling,115,87,8.593,275.5,1027.1,22
2019-08-17 07:14:34+00:00,cycling,113,80,7.9,275.6,1035.0,21
2019-08-17 07:14:35+00:00,cycling,114,79,8.02,275.6,1043.1,21
2019-08-17 07:14:36+00:00,cycling,115,79,8.013,275.7,1051.1,21
2019-08-17 07:14:37+00:00,cycling,116,77,8.543,275.7,1059.6,21
2019-08-17 07:14:38+00:00,cycling,118,89,8.199,275.8,1067.8,21
2019-08-17 07:14:39+00:00,cycling,113,81,7.951,275.8,1075.8,21
2019-08-17 07:14:40+00:00,cycling,116,81,8.098,275.9,1083.9,21
2019-08-17 07:14:41+00:00,cycling,113,82,8.079,276.0,1091.9,21
2019-08-17 07:14:42+00:00,cycling,116,78,8.607,276.0,1100.5,21
2019-08-17 07:14:43+00:00,cycling,117,85,8.484,276.1,1109.0,21
2019-08-17 07:14:44+00:00,cycling,118,79,8.271,276.2,1117.3,21
2019-08-17 07:14:45+00:00,cycling,115,84,8.119,276.2,1125.4,21
2019-08-17 07:14:46+00:00,cycling,117,80,7.648,276.3,1133.1,21
2019-08-17 07:14:47+00:00,cycling,121,79,7.769,276.3,1140.8,21
2019-08-17 07:14:48+00:00,cycling,115,80,8.053,276.4,1148.9,21
2019-08-17 07:14:49+00:00,cycling,122,86,8.19,276.5,1157.1,21
2019-08-17 07:14:50+00:00,cycling,118,87,8.297,276.5,1165.4,21
2019-08-17 07:14:51+00:00,cycling,120,77,7.838,276.6,1173.2,21
2019-08-17 07:14:52+00:00,cycling,117,83,7.919,276.6,1181.1,21
2019-08-17 07:14:53+00:00,cycling,116,76,7.745,276.7,1188.9,21
2019-08-17 07:14:54+00:00,cycling,116,81,7.894,276.7,1196.8,21
2019-08-17 07:14:55+00:00,cycling,117,87,8.221,276.8,1205.0,21
2019-08-17 07:14:56+00:00,cycling,119,78,7.657,276.9,1212.6,21
2019-08-17 07:14:57+00:00,cycling,121,83,8.057,276.9,1220.7,21
2019-08-17 07:14:58+00:00,cycling,116,85,7.961,276.9,1228.7,21
2019-08-17 07:14:59+00:00,cycling,118,80,8.315,277.0,1237.0,21
2019-08-17 07:15:00+00:00,cycling,119,86,8.364,277.0,1245.3,21
2019-08-17 07:15:01+00:00,cycling,116,78,8.167,277.1,1253.5,21
2019-08-17 07:15:02+00:00,cycling,118,85,8.04,277.1,1261.6,21
2019-08-17 07:15:03+00:00,cycling,118,84,7.477,277.2,1269.0,22
2019-08-17 07:15:04+00:00,cycling,118,79,7.92,277.3,1276.9,21
2019-08-17 07:15:05+00:00,cycling,120,81,8.049,277.3,1285.0,22
2019-08-17 07:15:06+00:00,cycling,119,79,7.925,277.4,1292.9,21
2019-08-17 07:15:07+00:00,cycling,118,81,7.637,277.4,1300.6,21
2019-08-17 07:15:08+00:00,cycling,119,83,7.8,277.5,1308.4,22
2019-08-17 07:15:09+00:00,cycling,119,84,8.427,277.5,1316.8,21
2019-08-17 07:15:10+00:00,cycling,120,75,7.828,277.6,1324.6,21
2019-08-17 07:15:11+00:00,cycling,120,71,7.474,277.7,1332.1,21
2019-08-17 07:15:12+00:00,cycling,118,81,7.699,277.7,1339.8,21
2019-08-17 07:15:13+00:00,cycling,118,82,7.973,277.8,1347.8,21
2019-08-17 07:15:14+00:00,cycling,119,86,8.01,277.9,1355.8,21
2019-08-17 07:15:15+00:00,cycling,118,83,8.823,277.9,1364.6,21
2019-08-17 07:15:16+00:00,cycling,119,77,8.013,277.9,1372.6,21
2019-08-17 07:15:17+00:00,cycling,120,78,7.635,278.0,1380.2,21
2019-08-17 07:15:18+00:00,cycling,121,83,7.812,278.0,1388.1,21
2019-08-17 07:15:19+00:00,cycling,120,83,7.8,278.1,1395.9,21
2019-08-17 07:15:20+00:00,cycling,121,79,7.525,278.1,1403.4,21
2019-08-17 07:15:21+00:00,cycling,118,78,7.925,278.1,1411.3,21
2019-08-17 07:15:22+00:00,cycling,121,80,7.983,278.1,1419.3,21
2019-08-17 07:15:23+00:00,cycling,118,76,7.774,278.2,1427.1,22
2019-08-17 07:15:24+00:00,cycling,121,83,7.767,278.2,1434.8,21
2019-08-17 07:15:25+00:00,cycling,123,79,7.64,278.3,1442.5,21
2019-08-17 07:15:26+00:00,cycling,120,79,8.105,278.3,1450.6,22
2019-08-17 07:15:27+00:00,cycling,124,79,7.831,278.3,1458.4,22
2019-08-17 07:15:28+00:00,cycling,120,81,7.51,278.3,1465.9,21
2019-08-17 07:15:29+00:00,cycling,119,79,7.629,278.4,1473.5,21
2019-08-17 07:15:30+00:00,cycling,120,78,7.268,278.4,1480.8,21
2019-08-17 07:15:31+00:00,cycling,121,88,8.187,278.4,1489.0,21
2019-08-17 07:15:32+00:00,cycling,123,73,7.935,278.5,1496.9,21
2019-08-17 07:15:33+00:00,cycling,121,80,7.89,278.4,1504.8,21
2019-08-17 07:15:34+00:00,cycling,122,81,7.439,278.5,1512.3,21
2019-08-17 07:15:35+00:00,cycling,120,85,8.066,278.5,1520.3,21
2019-08-17 07:15:36+00:00,cycling,123,73,7.487,278.6,1527.8,21
2019-08-17 07:15:37+00:00,cycling,123,78,7.742,278.6,1535.6,21
2019-08-17 07:15:38+00:00,cycling,123,75,7.891,278.6,1543.4,21
2019-08-17 07:15:39+00:00,cycling,121,87,8.102,278.7,1551.5,22
2019-08-17 07:15:40+00:00,cycling,123,79,7.823,278.7,1559.4,21
2019-08-17 07:15:41+00:00,cycling,123,80,7.893,278.7,1567.3,21
2019-08-17 07:15:42+00:00,cycling,122,85,8.064,278.7,1575.3,22
2019-08-17 07:15:43+00:00,cycling,122,71,7.933,278.8,1583.3,21
2019-08-17 07:15:44+00:00,cycling,124,78,7.528,278.8,1590.8,21
2019-08-17 07:15:45+00:00,cycling,123,79,8.164,278.8,1599.0,21
2019-08-17 07:15:46+00:00,cycling,123,81,7.695,278.8,1606.6,21
2019-08-17 07:15:47+00:00,cycling,122,74,7.519,278.9,1614.2,21
2019-08-17 07:15:48+00:00,cycling,122,84,7.94,278.9,1622.1,22
2019-08-17 07:15:49+00:00,cycling,122,81,7.568,278.9,1629.7,21
2019-08-17 07:15:50+00:00,cycling,127,79,8.035,278.9,1637.7,21
2019-08-17 07:15:51+00:00,cycling,123,79,7.371,279.0,1645.1,22
2019-08-17 07:15:52+00:00,cycling,121,76,8.46,279.0,1653.5,21
2019-08-17 07:15:53+00:00,cycling,123,75,7.818,279.0,1661.4,21
2019-08-17 07:15:54+00:00,cycling,121,74,6.861,279.0,1668.2,21
2019-08-17 07:15:55+00:00,cycling,125,70,7.921,279.0,1676.1,21
2019-08-17 07:15:56+00:00,cycling,125,82,7.955,279.1,1684.1,21
2019-08-17 07:15:57+00:00,cycling,121,81,7.534,279.1,1691.6,22
2019-08-17 07:15:58+00:00,cycling,122,89,8.107,279.1,1699.7,21
2019-08-17 07:15:59+00:00,cycling,126,72,8.019,279.1,1707.8,22
2019-08-17 07:16:00+00:00,cycling,122,79,8.291,279.1,1716.1,22
2019-08-17 07:16:01+00:00,cycling,124,80,7.613,279.2,1723.7,21
2019-08-17 07:16:02+00:00,cycling,122,79,8.167,279.2,1731.8,21
2019-08-17 07:16:03+00:00,cycling,122,80,8.028,279.2,1739.9,21
2019-08-17 07:16:04+00:00,cycling,124,83,8.106,279.1,1748.0,21
2019-08-17 07:16:05+00:00,cycling,120,83,8.08,279.2,1756.0,22
2019-08-17 07:16:06+00:00,cycling,126,80,7.82,279.2,1763.9,22
2019-08-17 07:16:07+00:00,cycling,125,89,7.891,279.2,1771.8,21
2019-08-17 07:16:08+00:00,cycling,123,83,7.84,279.2,1779.6,22
2019-08-17 07:16:09+00:00,cycling,125,79,8.153,279.2,1787.7,21
2019-08-17 07:16:10+00:00,cycling,121,82,7.981,279.2,1795.7,21
2019-08-17 07:16:11+00:00,cycling,126,82,8.212,279.2,1803.9,21
2019-08-17 07:16:12+00:00,cycling,128,83,8.491,279.2,1812.4,21
2019-08-17 07:16:13+00:00,cycling,125,79,7.943,279.3,1820.4,22
2019-08-17 07:16:14+00:00,cycling,123,77,7.973,279.3,1828.3,21
2019-08-17 07:16:15+00:00,cycling,126,92,8.053,279.3,1836.4,22
2019-08-17 07:16:16+00:00,cycling,124,84,8.31,279.3,1844.7,21
2019-08-17 07:16:17+00:00,cycling,125,85,8.147,279.4,1852.9,20
2019-08-17 07:16:18+00:00,cycling,124,74,8.085,279.4,1860.9,22
2019-08-17 07:16:19+00:00,cycling,125,84,8.129,279.3,1869.1,22
2019-08-17 07:16:20+00:00,cycling,127,80,8.416,279.3,1877.5,21
2019-08-17 07:16:21+00:00,cycling,127,77,8.152,279.4,1885.6,21
2019-08-17 07:16:22+00:00,cycling,126,76,7.507,279.4,1893.1,21
2019-08-17 07:16:23+00:00,cycling,127,79,7.832,279.4,1901.0,22
2019-08-17 07:16:24+00:00,cycling,125,82,8.403,279.5,1909.4,22
2019-08-17 07:16:25+00:00,cycling,124,86,8.16,279.5,1917.5,22
2019-08-17 07:16:26+00:00,cycling,127,84,8.404,279.4,1925.9,21
2019-08-17 07:16:27+00:00,cycling,128,83,8.026,279.4,1934.0,21
2019-08-17 07:16:28+00:00,cycling,126,84,8.782,279.4,1942.8,21
2019-08-17 07:16:29+00:00,cycling,125,83,8.7,279.4,1951.5,21
2019-08-17 07:16:30+00:00,cycling,126,79,8.292,279.4,1959.7,21
2019-08-17 07:16:31+00:00,cycling,126,93,8.603,279.4,1968.3,21
2019-08-17 07:16:32+00:00,cycling,126,84,8.028,279.4,1976.4,21
2019-08-17 07:16:33+00:00,cycling,126,84,8.712,279.4,1985.1,21
2019-08-17 07:16:34+00:00,cycling,127,80,8.672,279.5,1993.8,21
2019-08-17 07:16:35+00:00,cycling,128,84,8.19,279.5,2002.0,22
2019-08-17 07:16:36+00:00,cycling,124,90,8.647,279.5,2010.6,21
2019-08-17 07:16:37+00:00,cycling,125,86,8.304,279.5,2018.9,22
2019-08-17 07:16:38+00:00,cycling,127,86,8.762,279.5,2027.7,22
2019-08-17 07:16:39+00:00,cycling,125,85,8.445,279.5,2036.1,21
2019-08-17 07:16:40+00:00,cycling,126,84,8.383,279.5,2044.5,21
2019-08-17 07:16:41+00:00,cycling,126,82,8.383,279.5,2052.9,22
2019-08-17 07:16:42+00:00,cycling,127,79,8.592,279.5,2061.5,22
2019-08-17 07:16:43+00:00,cycling,126,87,8.467,279.5,2069.9,21
2019-08-17 07:16:44+00:00,cycling,127,87,8.577,279.5,2078.5,22
2019-08-17 07:16:45+00:00,cycling,129,86,8.475,279.5,2087.0,21
2019-08-17 07:16:46+00:00,cycling,127,87,8.741,279.5,2095.7,22
2019-08-17 07:16:47+00:00,cycling,129,87,8.609,279.4,2104.3,21
2019-08-17 07:16:48+00:00,cycling,125,80,8.917,279.4,2113.3,21
2019-08-17 07:16:49+00:00,cycling,126,87,8.939,279.4,2122.2,21
2019-08-17 07:16:50+00:00,cycling,126,85,8.783,279.4,2131.0,21
2019-08-17 07:16:51+00:00,cycling,128,85,8.818,279.4,2139.8,21
2019-08-17 07:16:52+00:00,cycling,128,85,8.289,279.3,2148.1,21
2019-08-17 07:16:53+00:00,cycling,127,88,8.548,279.3,2156.6,22
2019-08-17 07:16:54+00:00,cycling,127,87,8.345,279.3,2165.0,21
2019-08-17 07:16:55+00:00,cycling,127,88,8.586,279.3,2173.6,21
2019-08-17 07:16:56+00:00,cycling,129,77,8.436,279.2,2182.0,22
2019-08-17 07:16:57+00:00,cycling,127,81,8.324,279.2,2190.3,21
2019-08-17 07:16:58+00:00,cycling,124,87,8.698,279.2,2199.0,21
2019-08-17 07:16:59+00:00,cycling,129,90,8.57,279.2,2207.6,21
2019-08-17 07:17:00+00:00,cycling,128,82,8.821,279.2,2216.4,21
2019-08-17 07:17:01+00:00,cycling,128,86,8.761,279.1,2225.2,21
2019-08-17 07:17:02+00:00,cycling,127,83,8.506,279.1,2233.7,21
2019-08-17 07:17:03+00:00,cycling,129,86,8.524,279.1,2242.2,21
2019-08-17 07:17:04+00:00,cycling,127,89,9.322,279.1,2251.5,21
2019-08-17 07:17:05+00:00,cycling,128,83,9.023,279.1,2260.5,21
2019-08-17 07:17:06+00:00,cycling,128,81,8.812,279.1,2269.4,21
2019-08-17 07:17:07+00:00,cycling,127,84,8.841,279.0,2278.2,22
2019-08-17 07:17:08+00:00,cycling,130,89,9.029,279.0,2287.2,21
2019-08-17 07:17:09+00:00,cycling,128,86,8.888,279.0,2296.1,21
2019-08-17 07:17:10+00:00,cycling,127,91,9.56,279.0,2305.7,21
2019-08-17 07:17:11+00:00,cycling,129,88,9.18,279.0,2314.9,21
2019-08-17 07:17:12+00:00,cycling,128,85,8.88,278.9,2323.7,21
2019-08-17 07:17:13+00:00,cycling,129,86,9.158,278.9,2332.9,22
2019-08-17 07:17:14+00:00,cycling,129,92,9.224,278.9,2342.1,21
2019-08-17 07:17:15+00:00,cycling,129,87,9.014,278.9,2351.1,21
2019-08-17 07:17:16+00:00,cycling,129,87,9.558,278.8,2360.7,21
2019-08-17 07:17:17+00:00,cycling,128,90,8.824,278.8,2369.5,21
2019-08-17 07:17:18+00:00,cycling,129,82,8.829,278.8,2378.3,21
2019-08-17 07:17:19+00:00,cycling,128,86,8.603,278.8,2386.9,21
2019-08-17 07:17:20+00:00,cycling,129,89,9.393,278.8,2396.3,21
2019-08-17 07:17:21+00:00,cycling,127,89,9.186,278.8,2405.5,21
2019-08-17 07:17:22+00:00,cycling,129,87,9.32,278.7,2414.8,22
2019-08-17 07:17:23+00:00,cycling,128,81,8.742,278.7,2423.6,21
2019-08-17 07:17:24+00:00,cycling,128,83,9.208,278.6,2432.8,21
2019-08-17 07:17:25+00:00,cycling,129,84,8.995,278.6,2441.8,21
2019-08-17 07:17:26+00:00,cycling,128,78,8.824,278.6,2450.6,21
2019-08-17 07:17:27+00:00,cycling,129,86,8.856,278.6,2459.5,21
2019-08-17 07:17:28+00:00,cycling,131,92,9.3,278.5,2468.8,21
2019-08-17 07:17:29+00:00,cycling,130,100,9.612,278.5,2478.4,21
2019-08-17 07:17:30+00:00,cycling,130,87,8.955,278.5,2487.3,21
2019-08-17 07:17:31+00:00,cycling,130,88,9.049,278.5,2496.4,21
2019-08-17 07:17:32+00:00,cycling,128,84,9.203,278.5,2505.6,22
2019-08-17 07:17:33+00:00,cycling,131,92,9.566,278.5,2515.2,21
2019-08-17 07:17:34+00:00,cycling,127,87,9.064,278.5,2524.2,21
2019-08-17 07:17:35+00:00,cycling,132,87,8.979,278.5,2533.2,21
2019-08-17 07:17:36+00:00,cycling,127,88,9.343,278.4,2542.5,21
2019-08-17 07:17:37+00:00,cycling,132,90,9.154,278.3,2551.7,21
2019-08-17 07:17:38+00:00,cycling,128,89,8.887,278.3,2560.6,21
2019-08-17 07:17:39+00:00,cycling,130,96,9.319,278.3,2569.9,21
2019-08-17 07:17:40+00:00,cycling,131,88,9.109,278.3,2579.0,21
2019-08-17 07:17:41+00:00,cycling,130,88,9.475,278.2,2588.5,21
2019-08-17 07:17:42+00:00,cycling,133,84,9.549,278.2,2598.0,22
2019-08-17 07:17:43+00:00,cycling,131,95,9.522,278.1,2607.6,21
2019-08-17 07:17:44+00:00,cycling,131,90,9.482,278.1,2617.0,22
2019-08-17 07:17:45+00:00,cycling,132,90,8.633,278.1,2625.7,21
2019-08-17 07:17:46+00:00,cycling,130,99,9.589,278.0,2635.3,21
2019-08-17 07:17:47+00:00,cycling,132,90,9.224,278.0,2644.5,21
2019-08-17 07:17:48+00:00,cycling,132,88,9.801,278.0,2654.3,22
2019-08-17 07:17:49+00:00,cycling,133,86,9.555,277.9,2663.8,21
2019-08-17 07:17:50+00:00,cycling,130,89,9.141,277.9,2673.0,21
2019-08-17 07:17:51+00:00,cycling,132,84,9.553,277.8,2682.5,22
2019-08-17 07:17:52+00:00,cycling,132,95,9.437,277.8,2692.0,22
2019-08-17 07:17:53+00:00,cycling,133,99,9.55,277.7,2701.5,21
2019-08-17 07:17:54+00:00,cycling,135,87,8.829,277.7,2710.3,21
2019-08-17 07:17:55+00:00,cycling,130,81,9.242,277.6,2719.6,22
2019-08-17 07:17:56+00:00,cycling,132,96,9.648,277.6,2729.2,22
2019-08-17 07:17:57+00:00,cycling,134,91,9.226,277.6,2738.5,21
2019-08-17 07:17:58+00:00,cycling,133,97,9.439,277.5,2747.9,22
2019-08-17 07:17:59+00:00,cycling,131,90,9.488,277.5,2757.4,21
2019-08-17 07:18:00+00:00,cycling,130,84,9.194,277.4,2766.6,21
2019-08-17 07:18:01+00:00,cycling,132,87,9.631,277.4,2776.2,21
2019-08-17 07:18:02+00:00,cycling,128,93,9.076,277.4,2785.3,22
2019-08-17 07:18:03+00:00,cycling,130,89,9.53,277.4,2794.8,21
2019-08-17 07:18:04+00:00,cycling,132,83,9.004,277.3,2803.8,21
2019-08-17 07:18:05+00:00,cycling,131,93,9.527,277.3,2813.4,22
2019-08-17 07:18:06+00:00,cycling,134,82,9.423,277.3,2822.8,21
2019-08-17 07:18:07+00:00,cycling,132,92,9.838,277.2,2832.6,22
2019-08-17 07:18:08+00:00,cycling,132,97,9.184,277.1,2841.8,21
2019-08-17 07:18:09+00:00,cycling,134,88,9.098,277.1,2850.9,22
2019-08-17 07:18:10+00:00,cycling,131,86,9.305,277.1,2860.2,22
2019-08-17 07:18:11+00:00,cycling,132,78,8.805,277.0,2869.0,22
2019-08-17 07:18:12+00:00,cycling,131,93,9.343,276.9,2878.3,21
2019-08-17 07:18:13+00:00,cycling,132,89,9.327,276.9,2887.7,21
2019-08-17 07:18:14+00:00,cycling,131,93,9.803,276.9,2897.5,21
2019-08-17 07:18:15+00:00,cycling,135,86,9.22,276.8,2906.7,22
2019-08-17 07:18:16+00:00,cycling,132,82,9.65,276.8,2916.3,22
2019-08-17 07:18:17+00:00,cycling,133,84,9.143,276.7,2925.5,22
2019-08-17 07:18:18+00:00,cycling,134,90,9.333,276.7,2934.8,21
2019-08-17 07:18:19+00:00,cycling,132,85,9.149,276.6,2944.0,22
2019-08-17 07:18:20+00:00,cycling,135,85,8.84,276.6,2952.8,22
2019-08-17 07:18:21+00:00,cycling,135,88,9.368,276.6,2962.2,22
2019-08-17 07:18:22+00:00,cycling,135,92,9.043,276.5,2971.2,21
2019-08-17 07:18:23+00:00,cycling,132,81,8.711,276.5,2979.9,22
2019-08-17 07:18:24+00:00,cycling,135,99,9.309,276.5,2989.2,22
2019-08-17 07:18:25+00:00,cycling,137,92,9.756,276.4,2999.0,22
2019-08-17 07:18:26+00:00,cycling,134,86,9.481,276.4,3008.5,22
2019-08-17 07:18:27+00:00,cycling,136,92,8.903,276.4,3017.4,22
2019-08-17 07:18:28+00:00,cycling,132,83,9.376,276.4,3026.8,22
2019-08-17 07:18:29+00:00,cycling,138,93,9.276,276.3,3036.0,21
2019-08-17 07:18:30+00:00,cycling,134,89,9.779,276.3,3045.8,21
2019-08-17 07:18:31+00:00,cycling,134,87,9.1,276.2,3054.9,22
2019-08-17 07:18:32+00:00,cycling,134,90,8.755,276.2,3063.7,22
2019-08-17 07:18:33+00:00,cycling,132,88,9.423,276.1,3073.1,22
2019-08-17 07:18:34+00:00,cycling,136,90,9.353,276.1,3082.4,21
2019-08-17 07:18:35+00:00,cycling,134,94,9.395,276.0,3091.8,21
2019-08-17 07:18:36+00:00,cycling,134,93,9.442,276.0,3101.3,21
2019-08-17 07:18:37+00:00,cycling,132,86,9.245,275.9,3110.5,21
2019-08-17 07:18:38+00:00,cycling,135,90,9.224,275.9,3119.8,22
2019-08-17 07:18:39+00:00,cycling,133,82,8.827,275.8,3128.6,21
2019-08-17 07:18:40+00:00,cycling,132,87,8.556,275.8,3137.1,21
2019-08-17 07:18:41+00:00,cycling,134,85,8.716,275.8,3145.9,22
2019-08-17 07:18:42+00:00,cycling,133,90,9.135,275.7,3155.0,22
2019-08-17 07:18:43+00:00,cycling,133,87,8.764,275.7,3163.7,21
2019-08-17 07:18:44+00:00,cycling,133,76,9.013,275.6,3172.8,21
2019-08-17 07:18:45+00:00,cycling,130,82,8.932,275.6,3181.7,21
2019-08-17 07:18:46+00:00,cycling,132,90,8.836,275.5,3190.5,22
2019-08-17 07:18:47+00:00,cycling,135,87,9.212,275.5,3199.7,21
2019-08-17 07:18:48+00:00,cycling,132,89,8.902,275.4,3208.6,22
2019-08-17 07:18:49+00:00,cycling,136,95,9.006,275.4,3217.7,22
2019-08-17 07:18:50+00:00,cycling,133,84,8.872,275.3,3226.5,21
2019-08-17 07:18:51+00:00,cycling,138,85,9.196,275.3,3235.7,22
2019-08-17 07:18:52+00:00,cycling,133,83,8.504,275.3,3244.2,22
2019-08-17 07:18:53+00:00,cycling,136,84,9.507,275.2,3253.7,21
2019-08-17 07:18:54+00:00,cycling,136,78,8.556,275.1,3262.3,21
2019-08-17 07:18:55+00:00,cycling,135,96,9.242,275.1,3271.5,21
2019-08-17 07:18:56+00:00,cycling,134,87,8.909,275.0,3280.4,21
2019-08-17 07:18:57+00:00,cycling,134,90,8.967,275.0,3289.4,21
2019-08-17 07:18:58+00:00,cycling,135,85,8.562,275.0,3298.0,21
2019-08-17 07:18:59+00:00,cycling,133,86,8.858,274.9,3306.8,21
2019-08-17 07:19:00+00:00,cycling,133,87,8.884,274.9,3315.7,22
2019-08-17 07:19:01+00:00,cycling,135,79,8.522,274.8,3324.2,21
2019-08-17 07:19:02+00:00,cycling,134,76,8.681,274.8,3332.9,21
2019-08-17 07:19:03+00:00,cycling,134,83,8.833,274.8,3341.7,22
2019-08-17 07:19:04+00:00,cycling,133,81,8.591,274.7,3350.3,22
2019-08-17 07:19:05+00:00,cycling,134,84,8.625,274.7,3359.0,21
2019-08-17 07:19:06+00:00,cycling,134,91,8.525,274.6,3367.5,21
2019-08-17 07:19:07+00:00,cycling,133,86,8.542,274.6,3376.0,22
2019-08-17 07:19:08+00:00,cycling,136,87,8.17,274.6,3384.2,22
2019-08-17 07:19:09+00:00,cycling,134,83,8.166,274.6,3392.4,21
2019-08-17 07:19:10+00:00,cycling,133,88,8.719,274.5,3401.1,22
2019-08-17 07:19:11+00:00,cycling,137,90,8.511,274.4,3409.6,22
2019-08-17 07:19:12+00:00,cycling,138,89,8.65,274.4,3418.2,22
2019-08-17 07:19:13+00:00,cycling,135,85,8.415,274.4,3426.7,22
2019-08-17 07:19:14+00:00,cycling,134,77,8.014,274.3,3434.7,21
2019-08-17 07:19:15+00:00,cycling,135,87,8.903,274.3,3443.6,21
2019-08-17 07:19:16+00:00,cycling,134,90,8.447,274.2,3452.0,22
2019-08-17 07:19:17+00:00,cycling,137,81,8.299,274.2,3460.3,22
2019-08-17 07:19:18+00:00,cycling,135,83,8.141,274.2,3468.5,22
2019-08-17 07:19:19+00:00,cycling,134,83,8.635,274.2,3477.1,22
2019-08-17 07:19:20+00:00,cycling,134,84,8.069,274.1,3485.2,21
2019-08-17 07:19:21+00:00,cycling,135,85,8.166,274.0,3493.3,21
2019-08-17 07:19:22+00:00,cycling,136,80,8.161,274.0,3501.5,21
2019-08-17 07:19:23+00:00,cycling,136,93,8.453,273.9,3509.9,22
2019-08-17 07:19:24+00:00,cycling,132,84,8.901,273.9,3518.8,22
2019-08-17 07:19:25+00:00,cycling,135,94,9.014,273.8,3527.9,22
2019-08-17 07:19:26+00:00,cycling,135,84,8.453,273.7,3536.3,22
2019-08-17 07:19:27+00:00,cycling,137,81,8.216,273.7,3544.5,22
2019-08-17 07:19:28+00:00,cycling,136,84,8.037,273.7,3552.6,22
2019-08-17 07:19:29+00:00,cycling,137,80,7.848,273.6,3560.4,22
2019-08-17 07:19:30+00:00,cycling,134,80,8.202,273.5,3568.6,21
2019-08-17 07:19:31+00:00,cycling,137,81,7.955,273.5,3576.6,21
2019-08-17 07:19:32+00:00,cycling,136,83,7.672,273.4,3584.2,21
2019-08-17 07:19:33+00:00,cycling,136,81,7.697,273.4,3591.9,21
2019-08-17 07:19:34+00:00,cycling,136,88,8.263,273.4,3600.2,21
2019-08-17 07:19:35+00:00,cycling,135,78,7.903,273.4,3608.1,22
2019-08-17 07:19:36+00:00,cycling,135,77,7.587,273.3,3615.7,22
2019-08-17 07:19:37+00:00,cycling,137,83,7.622,273.3,3623.3,21
2019-08-17 07:19:38+00:00,cycling,135,76,7.761,273.2,3631.1,21
2019-08-17 07:19:39+00:00,cycling,135,86,8.064,273.2,3639.1,21
2019-08-17 07:19:40+00:00,cycling,136,81,7.407,273.1,3646.5,21
2019-08-17 07:19:41+00:00,cycling,137,80,7.864,273.1,3654.4,22
2019-08-17 07:19:42+00:00,cycling,134,79,7.707,273.0,3662.1,21
2019-08-17 07:19:43+00:00,cycling,137,80,8.022,273.0,3670.1,21
2019-08-17 07:19:44+00:00,cycling,136,78,7.688,273.0,3677.8,22
2019-08-17 07:19:45+00:00,cycling,137,78,7.893,272.9,3685.7,22
2019-08-17 07:19:46+00:00,cycling,137,73,7.824,272.9,3693.5,22
2019-08-17 07:19:47+00:00,cycling,135,80,7.675,272.8,3701.2,21
2019-08-17 07:19:48+00:00,cycling,136,71,7.647,272.8,3708.9,21
2019-08-17 07:19:49+00:00,cycling,135,76,7.821,272.8,3716.7,21
2019-08-17 07:19:50+00:00,cycling,135,81,7.824,272.7,3724.5,22
2019-08-17 07:19:51+00:00,cycling,137,82,7.68,272.6,3732.2,22
2019-08-17 07:19:52+00:00,cycling,135,78,7.542,272.6,3739.7,22
2019-08-17 07:19:53+00:00,cycling,137,76,7.721,272.5,3747.5,21
2019-08-17 07:19:54+00:00,cycling,136,78,7.555,272.5,3755.0,21
2019-08-17 07:19:55+00:00,cycling,137,77,7.577,272.4,3762.6,21
2019-08-17 07:19:56+00:00,cycling,136,73,7.282,272.4,3769.9,22
2019-08-17 07:19:57+00:00,cycling,136,79,7.938,272.4,3777.8,22
2019-08-17 07:19:58+00:00,cycling,137,74,7.533,272.3,3785.3,22
2019-08-17 07:19:59+00:00,cycling,137,72,7.544,272.3,3792.9,21
2019-08-17 07:20:00+00:00,cycling,137,77,7.567,272.2,3800.5,22
2019-08-17 07:20:01+00:00,cycling,135,77,7.054,272.2,3807.5,22
2019-08-17 07:20:02+00:00,cycling,139,79,7.572,272.1,3815.1,21
2019-08-17 07:20:03+00:00,cycling,136,82,6.841,272.1,3821.9,22
2019-08-17 07:20:04+00:00,cycling,139,80,7.493,272.1,3829.4,22
2019-08-17 07:20:05+00:00,cycling,135,82,7.644,272.0,3837.1,22
2019-08-17 07:20:06+00:00,cycling,134,80,7.397,272.0,3844.5,21
2019-08-17 07:20:07+00:00,cycling,138,73,7.501,272.0,3852.0,21
2019-08-17 07:20:08+00:00,cycling,137,78,7.658,271.9,3859.6,21
2019-08-17 07:20:09+00:00,cycling,138,79,7.822,271.9,3867.4,21
2019-08-17 07:20:10+00:00,cycling,137,86,7.278,271.9,3874.7,22
2019-08-17 07:20:11+00:00,cycling,137,76,6.972,271.9,3881.7,22
2019-08-17 07:20:12+00:00,cycling,136,83,7.827,271.8,3889.5,22
2019-08-17 07:20:13+00:00,cycling,137,73,7.074,271.8,3896.6,22
2019-08-17 07:20:14+00:00,cycling,136,75,6.907,271.8,3903.5,21
2019-08-17 07:20:15+00:00,cycling,139,69,6.887,271.7,3910.4,22
2019-08-17 07:20:16+00:00,cycling,136,80,7.854,271.7,3918.2,22
2019-08-17 07:20:17+00:00,cycling,138,75,7.532,271.7,3925.8,22
2019-08-17 07:20:18+00:00,cycling,136,72,6.794,271.7,3932.6,22
2019-08-17 07:20:19+00:00,cycling,137,79,7.336,271.6,3939.9,22
2019-08-17 07:20:20+00:00,cycling,138,78,7.284,271.5,3947.2,22
2019-08-17 07:20:21+00:00,cycling,136,72,7.182,271.5,3954.4,21
2019-08-17 07:20:22+00:00,cycling,136,69,7.096,271.5,3961.5,21
2019-08-17 07:20:23+00:00,cycling,136,79,7.194,271.4,3968.7,21
2019-08-17 07:20:24+00:00,cycling,135,76,7.044,271.4,3975.7,22
2019-08-17 07:20:25+00:00,cycling,136,73,7.199,271.4,3982.9,22
2019-08-17 07:20:26+00:00,cycling,137,73,7.198,271.4,3990.1,21
2019-08-17 07:20:27+00:00,cycling,134,76,7.311,271.3,3997.4,21
2019-08-17 07:20:28+00:00,cycling,137,71,6.792,271.3,4004.2,22
2019-08-17 07:20:29+00:00,cycling,139,66,6.985,271.2,4011.2,22
2019-08-17 07:20:30+00:00,cycling,137,77,7.389,271.2,4018.6,22
2019-08-17 07:20:31+00:00,cycling,137,85,6.95,271.2,4025.5,22
2019-08-17 07:20:32+00:00,cycling,136,79,7.194,271.2,4032.7,21
2019-08-17 07:20:33+00:00,cycling,134,76,7.046,271.2,4039.8,21
2019-08-17 07:20:34+00:00,cycling,136,71,6.916,271.2,4046.7,21
2019-08-17 07:20:35+00:00,cycling,135,68,6.818,271.1,4053.5,22
2019-08-17 07:20:36+00:00,cycling,133,69,6.796,271.1,4060.3,22
2019-08-17 07:20:37+00:00,cycling,137,80,6.575,271.1,4066.9,21
2019-08-17 07:20:38+00:00,cycling,136,82,7.312,271.1,4074.2,22
2019-08-17 07:20:39+00:00,cycling,136,71,6.982,271.1,4081.2,22
2019-08-17 07:20:40+00:00,cycling,135,72,6.895,271.1,4088.1,22
2019-08-17 07:20:41+00:00,cycling,138,75,7.132,271.0,4095.2,22
2019-08-17 07:20:42+00:00,cycling,136,78,7.079,271.0,4102.3,22
2019-08-17 07:20:43+00:00,cycling,135,68,6.977,270.9,4109.2,22
2019-08-17 07:20:44+00:00,cycling,136,76,6.899,270.9,4116.1,22
2019-08-17 07:20:45+00:00,cycling,138,81,7.268,270.9,4123.4,22
2019-08-17 07:20:46+00:00,cycling,137,81,6.784,270.9,4130.2,21
2019-08-17 07:20:47+00:00,cycling,137,71,6.857,270.9,4137.0,21
2019-08-17 07:20:48+00:00,cycling,137,79,6.721,270.8,4143.8,22
2019-08-17 07:20:49+00:00,cycling,139,71,6.832,270.8,4150.6,21
2019-08-17 07:20:50+00:00,cycling,136,73,6.956,270.8,4157.6,22
2019-08-17 07:20:51+00:00,cycling,138,72,6.927,270.8,4164.5,22
2019-08-17 07:20:52+00:00,cycling,138,65,6.605,270.7,4171.1,22
2019-08-17 07:20:53+00:00,cycling,138,75,7.035,270.7,4178.1,22
2019-08-17 07:20:54+00:00,cycling,139,76,7.3,270.7,4185.4,22
2019-08-17 07:20:55+00:00,cycling,138,72,6.953,270.7,4192.4,22
2019-08-17 07:20:56+00:00,cycling,138,73,7.015,270.7,4199.4,22
2019-08-17 07:20:57+00:00,cycling,139,73,6.922,270.7,4206.3,21
2019-08-17 07:20:58+00:00,cycling,138,71,6.825,270.7,4213.1,22
2019-08-17 07:20:59+00:00,cycling,138,77,7.028,270.7,4220.2,21
2019-08-17 07:21:00+00:00,cycling,137,79,6.826,270.7,4227.0,21
2019-08-17 07:21:01+00:00,cycling,137,79,7.087,270.6,4234.1,21
2019-08-17 07:21:02+00:00,cycling,139,71,6.782,270.6,4240.9,21
2019-08-17 07:21:03+00:00,cycling,135,81,6.966,270.7,4247.8,21
2019-08-17 07:21:04+00:00,cycling,137,74,6.727,270.6,4254.6,22
2019-08-17 07:21:05+00:00,cycling,137,72,6.917,270.6,4261.5,22
2019-08-17 07:21:06+00:00,cycling,136,67,7.125,270.6,4268.6,22
2019-08-17 07:21:07+00:00,cycling,137,78,7.452,270.6,4276.1,22
2019-08-17 07:21:08+00:00,cycling,137,73,7.272,270.6,4283.3,22
2019-08-17 07:21:09+00:00,cycling,137,82,7.062,270.6,4290.4,21
2019-08-17 07:21:10+00:00,cycling,140,76,6.753,270.6,4297.1,22
2019-08-17 07:21:11+00:00,cycling,139,73,6.899,270.6,4304.0,22
2019-08-17 07:21:12+00:00,cycling,137,69,6.782,270.6,4310.8,21
2019-08-17 07:21:13+00:00,cycling,137,81,7.231,270.6,4318.1,22
2019-08-17 07:21:14+00:00,cycling,137,79,7.052,270.5,4325.1,22
2019-08-17 07:21:15+00:00,cycling,138,70,6.694,270.5,4331.8,22
2019-08-17 07:21:16+00:00,cycling,140,77,7.462,270.6,4339.3,22
2019-08-17 07:21:17+00:00,cycling,139,63,6.771,270.5,4346.0,21
2019-08-17 07:21:18+00:00,cycling,138,81,7.339,270.5,4353.4,21
2019-08-17 07:21:19+00:00,cycling,136,81,6.777,270.5,4360.1,22
2019-08-17 07:21:20+00:00,cycling,136,80,7.055,270.5,4367.2,21
2019-08-17 07:21:21+00:00,cycling,142,72,7.462,270.5,4374.7,21
2019-08-17 07:21:22+00:00,cycling,139,73,7.143,270.5,4381.8,22
2019-08-17 07:21:23+00:00,cycling,138,72,7.111,270.5,4388.9,22
2019-08-17 07:21:24+00:00,cycling,137,76,7.063,270.5,4396.0,21
2019-08-17 07:21:25+00:00,cycling,140,78,6.865,270.5,4402.8,22
2019-08-17 07:21:26+00:00,cycling,138,82,7.463,270.5,4410.3,22
2019-08-17 07:21:27+00:00,cycling,137,71,7.071,270.5,4417.4,22
2019-08-17 07:21:28+00:00,cycling,137,75,7.377,270.5,4424.8,22
2019-08-17 07:21:29+00:00,cycling,142,77,7.613,270.5,4432.4,22
2019-08-17 07:21:30+00:00,cycling,139,69,6.82,270.5,4439.2,22
2019-08-17 07:21:31+00:00,cycling,137,85,6.945,270.5,4446.1,21
2019-08-17 07:21:32+00:00,cycling,139,71,7.146,270.5,4453.3,22
2019-08-17 07:21:33+00:00,cycling,137,77,7.127,270.5,4460.4,21
2019-08-17 07:21:34+00:00,cycling,137,66,6.854,270.5,4467.3,22
2019-08-17 07:21:35+00:00,cycling,139,72,6.571,270.5,4473.8,21
2019-08-17 07:21:36+00:00,cycling,138,78,7.438,270.5,4481.3,22
2019-08-17 07:21:37+00:00,cycling,136,75,7.102,270.5,4488.4,22
2019-08-17 07:21:38+00:00,cycling,135,76,7.209,270.4,4495.6,22
2019-08-17 07:21:39+00:00,cycling,138,78,7.292,270.5,4502.9,22
2019-08-17 07:21:40+00:00,cycling,138,75,7.313,270.5,4510.2,22
2019-08-17 07:21:41+00:00,cycling,136,80,7.785,270.5,4518.0,21
2019-08-17 07:21:42+00:00,cycling,137,75,7.205,270.5,4525.2,22
2019-08-17 07:21:43+00:00,cycling,138,75,6.884,270.4,4532.1,22
2019-08-17 07:21:44+00:00,cycling,137,76,6.607,270.4,4538.7,22
2019-08-17 07:21:45+00:00,cycling,140,79,7.608,270.4,4546.3,21
2019-08-17 07:21:46+00:00,cycling,136,75,6.83,270.5,4553.1,22
2019-08-17 07:21:47+00:00,cycling,138,79,7.383,270.5,4560.5,21
2019-08-17 07:21:48+00:00,cycling,138,79,7.516,270.5,4568.0,22
2019-08-17 07:21:49+00:00,cycling,139,79,7.393,270.5,4575.4,22
2019-08-17 07:21:50+00:00,cycling,139,78,7.572,270.5,4583.0,22
2019-08-17 07:21:51+00:00,cycling,139,84,7.511,270.5,4590.5,21
2019-08-17 07:21:52+00:00,cycling,138,81,7.138,270.5,4597.6,22
2019-08-17 07:21:53+00:00,cycling,139,76,7.406,270.5,4605.0,22
2019-08-17 07:21:54+00:00,cycling,138,79,7.515,270.5,4612.5,22
2019-08-17 07:21:55+00:00,cycling,139,75,6.948,270.4,4619.5,22
2019-08-17 07:21:56+00:00,cycling,139,76,7.331,270.5,4626.8,22
2019-08-17 07:21:57+00:00,cycling,139,79,7.323,270.5,4634.1,22
2019-08-17 07:21:58+00:00,cycling,138,84,7.242,270.5,4641.4,22
2019-08-17 07:21:59+00:00,cycling,139,81,7.533,270.5,4648.9,21
2019-08-17 07:22:00+00:00,cycling,139,86,8.067,270.5,4657.0,22
2019-08-17 07:22:01+00:00,cycling,136,78,7.632,270.5,4664.6,21
2019-08-17 07:22:02+00:00,cycling,140,70,7.4,270.5,4672.0,22
2019-08-17 07:22:03+00:00,cycling,138,78,7.884,270.5,4679.9,21
2019-08-17 07:22:04+00:00,cycling,135,79,7.322,270.6,4687.2,21
2019-08-17 07:22:05+00:00,cycling,140,73,7.225,270.6,4694.4,22
2019-08-17 07:22:06+00:00,cycling,140,83,7.72,270.6,4702.2,22
2019-08-17 07:22:07+00:00,cycling,136,81,7.144,270.6,4709.3,21
2019-08-17 07:22:08+00:00,cycling,137,70,7.416,270.6,4716.7,22
2019-08-17 07:22:09+00:00,cycling,139,77,7.606,270.7,4724.3,22
2019-08-17 07:22:10+00:00,cycling,140,81,7.407,270.6,4731.7,22
2019-08-17 07:22:11+00:00,cycling,137,92,7.701,270.6,4739.4,22
2019-08-17 07:22:12+00:00,cycling,142,90,8.009,270.6,4747.4,22
2019-08-17 07:22:13+00:00,cycling,136,76,7.426,270.7,4754.9,21
2019-08-17 07:22:14+00:00,cycling,139,81,7.638,270.7,4762.5,22
2019-08-17 07:22:15+00:00,cycling,136,71,7.079,270.7,4769.6,22
2019-08-17 07:22:16+00:00,cycling,138,72,7.507,270.7,4777.1,21
2019-08-17 07:22:17+00:00,cycling,141,75,7.287,270.7,4784.4,21
2019-08-17 07:22:18+00:00,cycling,140,75,7.152,270.8,4791.5,21
2019-08-17 07:22:19+00:00,cycling,139,82,7.317,270.8,4798.9,22
2019-08-17 07:22:20+00:00,cycling,138,82,7.545,270.8,4806.4,22
2019-08-17 07:22:21+00:00,cycling,136,77,8.029,270.8,4814.4,21
2019-08-17 07:22:22+00:00,cycling,138,71,7.005,270.8,4821.4,22
2019-08-17 07:22:23+00:00,cycling,139,75,7.734,270.8,4829.2,22
2019-08-17 07:22:24+00:00,cycling,138,69,7.312,270.9,4836.5,22
2019-08-17 07:22:25+00:00,cycling,139,74,7.79,270.9,4844.3,21
2019-08-17 07:22:26+00:00,cycling,138,81,7.624,271.0,4851.9,22
2019-08-17 07:22:27+00:00,cycling,137,82,7.837,271.0,4859.7,22
2019-08-17 07:22:28+00:00,cycling,138,85,7.536,271.0,4867.3,22
2019-08-17 07:22:29+00:00,cycling,139,81,7.752,271.1,4875.0,22
2019-08-17 07:22:30+00:00,cycling,138,83,7.546,271.1,4882.6,22
2019-08-17 07:22:31+00:00,cycling,138,74,7.686,271.1,4890.2,22
2019-08-17 07:22:32+00:00,cycling,139,79,8.022,271.1,4898.3,21
2019-08-17 07:22:33+00:00,cycling,140,84,7.785,271.2,4906.1,22
2019-08-17 07:22:34+00:00,cycling,138,79,7.726,271.2,4913.8,22
2019-08-17 07:22:35+00:00,cycling,138,77,7.779,271.2,4921.6,22
2019-08-17 07:22:36+00:00,cycling,138,78,7.693,271.3,4929.3,22
2019-08-17 07:22:37+00:00,cycling,138,83,7.721,271.3,4937.0,22
2019-08-17 07:22:38+00:00,cycling,137,76,7.603,271.3,4944.6,22
2019-08-17 07:22:39+00:00,cycling,137,87,7.581,271.3,4952.2,22
2019-08-17 07:22:40+00:00,cycling,139,84,7.873,271.4,4960.0,22
2019-08-17 07:22:41+00:00,cycling,139,82,7.92,271.4,4968.0,22
2019-08-17 07:22:42+00:00,cycling,136,87,7.906,271.5,4975.9,22
2019-08-17 07:22:43+00:00,cycling,140,84,7.708,271.5,4983.6,22
2019-08-17 07:22:44+00:00,cycling,139,84,7.684,271.5,4991.3,22
2019-08-17 07:22:45+00:00,cycling,140,85,7.774,271.6,4999.0,22
2019-08-17 07:22:46+00:00,cycling,137,72,7.493,271.7,5006.5,21
2019-08-17 07:22:47+00:00,cycling,137,84,8.013,271.7,5014.5,22
2019-08-17 07:22:48+00:00,cycling,137,83,7.874,271.8,5022.4,22
2019-08-17 07:22:49+00:00,cycling,141,79,7.904,271.8,5030.3,22
2019-08-17 07:22:50+00:00,cycling,142,76,7.362,271.8,5037.7,22
2019-08-17 07:22:51+00:00,cycling,139,78,7.798,271.9,5045.5,22
2019-08-17 07:22:52+00:00,cycling,135,78,7.529,271.9,5053.0,22
2019-08-17 07:22:53+00:00,cycling,141,79,7.567,272.0,5060.6,22
2019-08-17 07:22:54+00:00,cycling,134,81,7.804,272.0,5068.4,22
2019-08-17 07:22:55+00:00,cycling,139,76,7.98,272.1,5076.3,21
2019-08-17 07:22:56+00:00,cycling,140,84,7.976,272.1,5084.3,22
2019-08-17 07:22:57+00:00,cycling,138,83,7.462,272.2,5091.8,21
2019-08-17 07:22:58+00:00,cycling,141,86,7.997,272.2,5099.8,21
2019-08-17 07:22:59+00:00,cycling,138,86,7.551,272.3,5107.3,22
2019-08-17 07:23:00+00:00,cycling,138,75,7.856,272.3,5115.2,22
2019-08-17 07:23:01+00:00,cycling,139,82,7.687,272.4,5122.9,21
2019-08-17 07:23:02+00:00,cycling,135,77,7.928,272.4,5130.8,22
2019-08-17 07:23:03+00:00,cycling,143,80,7.631,272.5,5138.4,22
2019-08-17 07:23:04+00:00,cycling,139,78,7.542,272.5,5146.0,22
2019-08-17 07:23:05+00:00,cycling,137,78,7.744,272.5,5153.7,21
2019-08-17 07:23:06+00:00,cycling,142,81,7.516,272.6,5161.2,22
2019-08-17 07:23:07+00:00,cycling,139,76,7.704,272.6,5168.9,22
2019-08-17 07:23:08+00:00,cycling,141,81,7.174,272.7,5176.1,21
2019-08-17 07:23:09+00:00,cycling,137,85,7.736,272.8,5183.8,22
2019-08-17 07:23:10+00:00,cycling,137,81,7.908,272.8,5191.8,22
2019-08-17 07:23:11+00:00,cycling,138,83,7.901,272.9,5199.7,22
2019-08-17 07:23:12+00:00,cycling,141,77,7.363,272.9,5207.0,22
2019-08-17 07:23:13+00:00,cycling,138,76,7.616,273.0,5214.6,22
2019-08-17 07:23:14+00:00,cycling,139,79,7.696,273.0,5222.3,22
2019-08-17 07:23:15+00:00,cycling,141,83,7.838,273.1,5230.2,22
2019-08-17 07:23:16+00:00,cycling,139,81,7.345,273.1,5237.5,22
2019-08-17 07:23:17+00:00,cycling,141,85,7.729,273.2,5245.2,23
2019-08-17 07:23:18+00:00,cycling,135,82,8.11,273.3,5253.4,21
2019-08-17 07:23:19+00:00,cycling,140,76,7.027,273.3,5260.4,22
2019-08-17 07:23:20+00:00,cycling,141,81,7.676,273.4,5268.1,22
2019-08-17 07:23:21+00:00,cycling,136,75,7.882,273.4,5275.9,21
2019-08-17 07:23:22+00:00,cycling,141,76,7.463,273.5,5283.4,22
2019-08-17 07:23:23+00:00,cycling,139,85,7.547,273.5,5291.0,22
2019-08-17 07:23:24+00:00,cycling,141,76,7.139,273.6,5298.1,22
2019-08-17 07:23:25+00:00,cycling,139,77,7.007,273.6,5305.1,22
2019-08-17 07:23:26+00:00,cycling,139,73,7.439,273.7,5312.5,22
2019-08-17 07:23:27+00:00,cycling,140,80,7.498,273.8,5320.0,21
2019-08-17 07:23:28+00:00,cycling,141,76,7.363,273.9,5327.4,22
2019-08-17 07:23:29+00:00,cycling,142,81,7.437,273.9,5334.8,22
2019-08-17 07:23:30+00:00,cycling,137,77,7.375,274.0,5342.2,22
2019-08-17 07:23:31+00:00,cycling,139,77,7.84,274.0,5350.0,22
2019-08-17 07:23:32+00:00,cycling,136,77,7.963,274.1,5358.0,22
2019-08-17 07:23:33+00:00,cycling,140,81,7.4,274.1,5365.4,22
2019-08-17 07:23:34+00:00,cycling,136,82,7.595,274.1,5373.0,22
2019-08-17 07:23:35+00:00,cycling,140,73,7.386,274.1,5380.4,21
2019-08-17 07:23:36+00:00,cycling,140,72,6.924,274.2,5387.3,21
2019-08-17 07:23:37+00:00,cycling,138,78,7.509,274.3,5394.8,22
2019-08-17 07:23:38+00:00,cycling,142,80,7.268,274.3,5402.1,22
2019-08-17 07:23:39+00:00,cycling,140,63,7.081,274.4,5409.2,22
2019-08-17 07:23:40+00:00,cycling,141,77,7.301,274.4,5416.5,22
2019-08-17 07:23:41+00:00,cycling,138,86,7.427,274.4,5423.9,22
2019-08-17 07:23:42+00:00,cycling,140,76,7.175,274.5,5431.1,22
2019-08-17 07:23:43+00:00,cycling,140,76,7.382,274.5,5438.5,22
2019-08-17 07:23:44+00:00,cycling,136,83,7.347,274.6,5445.8,21
2019-08-17 07:23:45+00:00,cycling,137,89,7.479,274.7,5453.3,21
2019-08-17 07:23:46+00:00,cycling,139,80,7.715,274.7,5461.0,22
2019-08-17 07:23:47+00:00,cycling,140,81,6.801,274.8,5467.8,22
2019-08-17 07:23:48+00:00,cycling,139,71,6.947,274.9,5474.7,22
2019-08-17 07:23:49+00:00,cycling,138,72,6.932,274.9,5481.7,22
2019-08-17 07:23:50+00:00,cycling,138,72,7.17,275.0,5488.9,22
2019-08-17 07:23:51+00:00,cycling,140,79,7.244,275.1,5496.1,22
2019-08-17 07:23:52+00:00,cycling,142,78,6.736,275.2,5502.8,23
2019-08-17 07:23:53+00:00,cycling,139,77,7.073,275.2,5509.9,22
2019-08-17 07:23:54+00:00,cycling,140,77,7.358,275.3,5517.3,22
2019-08-17 07:23:55+00:00,cycling,140,78,6.85,275.4,5524.1,22
2019-08-17 07:23:56+00:00,cycling,142,70,6.652,275.4,5530.8,22
2019-08-17 07:23:57+00:00,cycling,140,73,7.145,275.5,5537.9,22
2019-08-17 07:23:58+00:00,cycling,139,79,7.256,275.6,5545.2,21
2019-08-17 07:23:59+00:00,cycling,137,72,7.438,275.6,5552.6,21
2019-08-17 07:24:00+00:00,cycling,140,71,6.621,275.7,5559.2,22
2019-08-17 07:24:01+00:00,cycling,136,72,6.735,275.8,5566.0,22
2019-08-17 07:24:02+00:00,cycling,139,73,6.674,275.8,5572.6,22
2019-08-17 07:24:03+00:00,cycling,138,76,6.473,275.9,5579.1,22
2019-08-17 07:24:04+00:00,cycling,139,75,6.589,276.0,5585.7,22
2019-08-17 07:24:05+00:00,cycling,139,71,6.694,276.1,5592.4,21
2019-08-17 07:24:06+00:00,cycling,139,70,6.836,276.1,5599.2,22
2019-08-17 07:24:07+00:00,cycling,143,78,6.998,276.2,5606.2,22
2019-08-17 07:24:08+00:00,cycling,140,71,6.336,276.2,5612.6,22
2019-08-17 07:24:09+00:00,cycling,140,67,6.643,276.3,5619.2,22
2019-08-17 07:24:10+00:00,cycling,138,68,6.241,276.4,5625.4,22
2019-08-17 07:24:11+00:00,cycling,140,77,6.928,276.5,5632.4,22
2019-08-17 07:24:12+00:00,cycling,139,82,6.89,276.5,5639.3,22
2019-08-17 07:24:13+00:00,cycling,138,79,6.678,276.6,5645.9,22
2019-08-17 07:24:14+00:00,cycling,141,78,6.835,276.7,5652.8,22
2019-08-17 07:24:15+00:00,cycling,140,77,6.971,276.8,5659.7,22
2019-08-17 07:24:16+00:00,cycling,141,70,6.334,276.9,5666.1,22
2019-08-17 07:24:17+00:00,cycling,139,63,6.222,276.9,5672.3,22
2019-08-17 07:24:18+00:00,cycling,140,68,6.228,277.0,5678.5,22
2019-08-17 07:24:19+00:00,cycling,138,71,6.086,277.1,5684.6,22
2019-08-17 07:24:20+00:00,cycling,141,71,6.066,277.2,5690.7,22
2019-08-17 07:24:21+00:00,cycling,141,77,6.379,277.3,5697.1,22
2019-08-17 07:24:22+00:00,cycling,140,74,7.0,277.4,5704.1,22
2019-08-17 07:24:23+00:00,cycling,138,62,6.46,277.5,5710.5,22
2019-08-17 07:24:24+00:00,cycling,139,64,5.656,277.5,5716.2,22
2019-08-17 07:24:25+00:00,cycling,139,75,6.445,277.6,5722.6,22
2019-08-17 07:24:26+00:00,cycling,140,65,6.06,277.7,5728.7,22
2019-08-17 07:24:27+00:00,cycling,140,74,6.316,277.8,5735.0,22
2019-08-17 07:24:28+00:00,cycling,139,67,6.181,277.9,5741.2,22
2019-08-17 07:24:29+00:00,cycling,139,75,6.041,277.9,5747.2,22
2019-08-17 07:24:30+00:00,cycling,141,88,6.519,278.0,5753.7,22
2019-08-17 07:24:31+00:00,cycling,138,71,6.138,278.1,5759.9,22
2019-08-17 07:24:32+00:00,cycling,138,68,6.241,278.2,5766.1,22
2019-08-17 07:24:33+00:00,cycling,138,68,6.06,278.3,5772.2,22
2019-08-17 07:24:34+00:00,cycling,139,72,6.441,278.3,5778.6,22
2019-08-17 07:24:35+00:00,cycling,139,70,6.054,278.4,5784.7,22
2019-08-17 07:24:36+00:00,cycling,139,72,6.228,278.5,5790.9,22
2019-08-17 07:24:37+00:00,cycling,139,65,6.163,278.5,5797.1,21
2019-08-17 07:24:38+00:00,cycling,139,73,6.5,278.6,5803.6,22
2019-08-17 07:24:39+00:00,cycling,140,68,6.114,278.7,5809.7,22
2019-08-17 07:24:40+00:00,cycling,140,74,6.089,278.8,5815.8,22
2019-08-17 07:24:41+00:00,cycling,138,71,6.412,278.9,5822.2,21
2019-08-17 07:24:42+00:00,cycling,140,73,6.109,279.0,5828.3,21
2019-08-17 07:24:43+00:00,cycling,139,67,5.973,279.1,5834.3,22
2019-08-17 07:24:44+00:00,cycling,139,76,6.385,279.2,5840.6,22
2019-08-17 07:24:45+00:00,cycling,141,66,6.021,279.3,5846.7,22
2019-08-17 07:24:46+00:00,cycling,140,72,6.15,279.3,5852.8,22
2019-08-17 07:24:47+00:00,cycling,141,70,6.043,279.4,5858.9,21
2019-08-17 07:24:48+00:00,cycling,141,76,6.122,279.4,5865.0,22
2019-08-17 07:24:49+00:00,cycling,139,68,6.121,279.5,5871.1,22
2019-08-17 07:24:50+00:00,cycling,140,66,6.004,279.6,5877.1,22
2019-08-17 07:24:51+00:00,cycling,137,68,5.562,279.7,5882.7,22
2019-08-17 07:24:52+00:00,cycling,139,68,5.998,279.7,5888.7,22
2019-08-17 07:24:53+00:00,cycling,137,63,5.982,279.8,5894.6,22
2019-08-17 07:24:54+00:00,cycling,137,71,5.988,279.9,5900.6,22
2019-08-17 07:24:55+00:00,cycling,139,62,5.835,280.0,5906.5,22
2019-08-17 07:24:56+00:00,cycling,139,66,5.928,280.0,5912.4,22
2019-08-17 07:24:57+00:00,cycling,140,68,5.44,280.1,5917.8,22
2019-08-17 07:24:58+00:00,cycling,137,70,5.729,280.1,5923.6,22
2019-08-17 07:24:59+00:00,cycling,138,68,5.717,280.2,5929.3,22
2019-08-17 07:25:00+00:00,cycling,139,72,5.979,280.2,5935.3,22
2019-08-17 07:25:01+00:00,cycling,143,74,5.632,280.3,5940.9,22
2019-08-17 07:25:02+00:00,cycling,140,66,5.901,280.4,5946.8,22
2019-08-17 07:25:03+00:00,cycling,141,56,5.452,280.5,5952.2,22
2019-08-17 07:25:04+00:00,cycling,139,70,6.227,280.6,5958.5,22
2019-08-17 07:25:05+00:00,cycling,139,67,5.851,280.7,5964.3,22
2019-08-17 07:25:06+00:00,cycling,139,64,5.467,280.8,5969.8,22
2019-08-17 07:25:07+00:00,cycling,140,69,5.763,280.8,5975.6,22
2019-08-17 07:25:08+00:00,cycling,138,67,5.126,280.8,5980.7,22
2019-08-17 07:25:09+00:00,cycling,139,70,5.984,280.9,5986.7,23
2019-08-17 07:25:10+00:00,cycling,140,62,5.474,281.0,5992.1,22
2019-08-17 07:25:11+00:00,cycling,140,70,5.31,281.1,5997.4,22
2019-08-17 07:25:12+00:00,cycling,139,71,5.521,281.2,6003.0,22
2019-08-17 07:25:13+00:00,cycling,138,61,5.731,281.2,6008.7,22
2019-08-17 07:25:14+00:00,cycling,140,74,5.741,281.3,6014.4,22
2019-08-17 07:25:15+00:00,cycling,142,61,5.587,281.4,6020.0,22
2019-08-17 07:25:16+00:00,cycling,140,69,6.178,281.5,6026.2,22
2019-08-17 07:25:17+00:00,cycling,142,81,5.597,281.6,6031.8,22
2019-08-17 07:25:18+00:00,cycling,141,67,5.614,281.7,6037.4,22
2019-08-17 07:25:19+00:00,cycling,140,69,5.669,281.7,6043.1,21
2019-08-17 07:25:20+00:00,cycling,138,67,5.969,281.8,6049.1,22
2019-08-17 07:25:21+00:00,cycling,141,67,5.376,281.9,6054.4,22
2019-08-17 07:25:22+00:00,cycling,139,58,5.265,282.0,6059.7,22
2019-08-17 07:25:23+00:00,cycling,139,71,5.769,282.1,6065.5,22
2019-08-17 07:25:24+00:00,cycling,141,69,6.013,282.2,6071.5,22
2019-08-17 07:25:25+00:00,cycling,139,75,5.836,282.3,6077.3,22
2019-08-17 07:25:26+00:00,cycling,141,60,5.999,282.3,6083.3,22
2019-08-17 07:25:27+00:00,cycling,139,68,5.207,282.4,6088.5,22
2019-08-17 07:25:28+00:00,cycling,139,64,5.128,282.5,6093.6,23
2019-08-17 07:25:29+00:00,cycling,140,66,5.279,282.6,6098.9,22
2019-08-17 07:25:30+00:00,cycling,141,63,5.625,282.7,6104.6,22
2019-08-17 07:25:31+00:00,cycling,140,68,5.288,282.8,6109.8,22
2019-08-17 07:25:32+00:00,cycling,140,67,5.417,282.8,6115.3,21
2019-08-17 07:25:33+00:00,cycling,139,72,5.517,282.9,6120.8,22
2019-08-17 07:25:34+00:00,cycling,139,71,5.76,283.1,6126.5,22
2019-08-17 07:25:35+00:00,cycling,139,64,5.372,283.2,6131.9,21
2019-08-17 07:25:36+00:00,cycling,138,64,5.686,283.2,6137.6,22
2019-08-17 07:25:37+00:00,cycling,137,63,6.047,283.3,6143.6,22
2019-08-17 07:25:38+00:00,cycling,141,63,5.468,283.4,6149.1,22
2019-08-17 07:25:39+00:00,cycling,139,68,5.619,283.5,6154.7,22
2019-08-17 07:25:40+00:00,cycling,141,65,5.409,283.5,6160.1,22
2019-08-17 07:25:41+00:00,cycling,139,68,5.986,283.6,6166.1,22
2019-08-17 07:25:42+00:00,cycling,138,69,5.372,283.7,6171.5,22
2019-08-17 07:25:43+00:00,cycling,141,68,5.151,283.8,6176.6,22
2019-08-17 07:25:44+00:00,cycling,138,63,5.785,283.8,6182.4,22
2019-08-17 07:25:45+00:00,cycling,137,65,5.548,283.9,6188.0,22
2019-08-17 07:25:46+00:00,cycling,139,65,5.459,284.0,6193.4,22
2019-08-17 07:25:47+00:00,cycling,141,68,5.663,284.1,6199.1,22
2019-08-17 07:25:48+00:00,cycling,141,57,5.443,284.2,6204.5,22
2019-08-17 07:25:49+00:00,cycling,141,67,5.406,284.3,6210.0,22
2019-08-17 07:25:50+00:00,cycling,140,65,5.671,284.4,6215.6,22
2019-08-17 07:25:51+00:00,cycling,141,64,5.142,284.5,6220.8,22
2019-08-17 07:25:52+00:00,cycling,139,65,5.167,284.6,6225.9,22
2019-08-17 07:25:53+00:00,cycling,140,60,5.612,284.6,6231.5,22
2019-08-17 07:25:54+00:00,cycling,143,68,5.553,284.7,6237.1,22
2019-08-17 07:25:55+00:00,cycling,141,66,5.477,284.8,6242.6,22
2019-08-17 07:25:56+00:00,cycling,139,71,6.057,284.8,6248.6,22
2019-08-17 07:25:57+00:00,cycling,141,59,5.837,284.9,6254.5,22
2019-08-17 07:25:58+00:00,cycling,142,66,5.595,285.0,6260.1,22
2019-08-17 07:25:59+00:00,cycling,141,62,5.574,285.1,6265.6,22
2019-08-17 07:26:00+00:00,cycling,136,70,5.856,285.1,6271.5,22
2019-08-17 07:26:01+00:00,cycling,138,68,5.91,285.2,6277.4,22
2019-08-17 07:26:02+00:00,cycling,139,73,5.763,285.3,6283.2,23
2019-08-17 07:26:03+00:00,cycling,140,65,5.884,285.4,6289.1,21
2019-08-17 07:26:04+00:00,cycling,141,63,6.047,285.4,6295.1,22
2019-08-17 07:26:05+00:00,cycling,141,67,6.075,285.5,6301.2,22
2019-08-17 07:26:06+00:00,cycling,142,65,5.635,285.6,6306.8,22
2019-08-17 07:26:07+00:00,cycling,140,63,5.918,285.7,6312.7,22
2019-08-17 07:26:08+00:00,cycling,140,72,6.517,285.7,6319.2,22
2019-08-17 07:26:09+00:00,cycling,142,65,5.62,285.8,6324.9,22
2019-08-17 07:26:10+00:00,cycling,139,66,5.436,285.9,6330.3,22
2019-08-17 07:26:11+00:00,cycling,140,64,5.783,286.0,6336.1,22
2019-08-17 07:26:12+00:00,cycling,142,70,5.75,286.1,6341.8,23
2019-08-17 07:26:13+00:00,cycling,141,64,5.797,286.2,6347.6,22
2019-08-17 07:26:14+00:00,cycling,141,63,5.776,286.2,6353.4,22
2019-08-17 07:26:15+00:00,cycling,140,58,5.54,286.3,6358.9,22
2019-08-17 07:26:16+00:00,cycling,139,71,5.723,286.4,6364.7,22
2019-08-17 07:26:17+00:00,cycling,140,75,6.2,286.5,6370.9,22
2019-08-17 07:26:18+00:00,cycling,138,66,6.215,286.6,6377.1,22
2019-08-17 07:26:19+00:00,cycling,139,68,5.861,286.7,6382.9,22
2019-08-17 07:26:20+00:00,cycling,141,73,6.482,286.7,6389.4,21
2019-08-17 07:26:21+00:00,cycling,142,72,6.042,286.8,6395.5,22
2019-08-17 07:26:22+00:00,cycling,141,73,5.644,286.9,6401.1,22
2019-08-17 07:26:23+00:00,cycling,138,70,5.729,286.9,6406.8,22
2019-08-17 07:26:24+00:00,cycling,138,66,5.531,287.0,6412.4,22
2019-08-17 07:26:25+00:00,cycling,142,70,5.75,287.1,6418.1,22
2019-08-17 07:26:26+00:00,cycling,139,65,5.409,287.2,6423.5,22
2019-08-17 07:26:27+00:00,cycling,140,74,5.773,287.2,6429.3,22
2019-08-17 07:26:28+00:00,cycling,144,68,5.891,287.3,6435.2,22
2019-08-17 07:26:29+00:00,cycling,140,63,6.183,287.4,6441.4,22
2019-08-17 07:26:30+00:00,cycling,136,67,6.086,287.5,6447.5,22
2019-08-17 07:26:31+00:00,cycling,139,63,5.729,287.5,6453.2,22
2019-08-17 07:26:32+00:00,cycling,140,74,6.074,287.6,6459.3,22
2019-08-17 07:26:33+00:00,cycling,141,64,6.031,287.7,6465.3,22
2019-08-17 07:26:34+00:00,cycling,142,68,5.903,287.8,6471.2,22
2019-08-17 07:26:35+00:00,cycling,142,68,6.114,287.9,6477.3,22
2019-08-17 07:26:36+00:00,cycling,139,74,5.835,287.9,6483.2,22
2019-08-17 07:26:37+00:00,cycling,140,60,6.228,288.1,6489.4,22
2019-08-17 07:26:38+00:00,cycling,139,75,6.384,288.1,6495.8,22
2019-08-17 07:26:39+00:00,cycling,138,66,6.254,288.2,6502.0,22
2019-08-17 07:26:40+00:00,cycling,138,67,6.193,288.3,6508.2,22
2019-08-17 07:26:41+00:00,cycling,139,67,6.158,288.3,6514.4,22
2019-08-17 07:26:42+00:00,cycling,140,77,6.206,288.4,6520.6,22
2019-08-17 07:26:43+00:00,cycling,139,75,5.931,288.5,6526.5,22
2019-08-17 07:26:44+00:00,cycling,137,72,6.309,288.5,6532.8,22
2019-08-17 07:26:45+00:00,cycling,141,72,6.435,288.6,6539.2,22
2019-08-17 07:26:46+00:00,cycling,141,76,6.392,288.7,6545.6,22
2019-08-17 07:26:47+00:00,cycling,139,66,6.682,288.7,6552.3,22
2019-08-17 07:26:48+00:00,cycling,137,73,6.44,288.8,6558.8,22
2019-08-17 07:26:49+00:00,cycling,139,81,6.179,288.9,6564.9,22
2019-08-17 07:26:50+00:00,cycling,142,72,6.505,288.9,6571.4,22
2019-08-17 07:26:51+00:00,cycling,140,75,6.704,289.0,6578.2,22
2019-08-17 07:26:52+00:00,cycling,140,69,6.197,289.1,6584.3,22
2019-08-17 07:26:53+00:00,cycling,140,76,6.431,289.1,6590.8,22
2019-08-17 07:26:54+00:00,cycling,140,71,6.555,289.2,6597.3,22
2019-08-17 07:26:55+00:00,cycling,143,82,7.181,289.2,6604.5,22
2019-08-17 07:26:56+00:00,cycling,139,75,6.44,289.3,6611.0,22
2019-08-17 07:26:57+00:00,cycling,140,67,6.366,289.4,6617.3,22
2019-08-17 07:26:58+00:00,cycling,141,76,6.415,289.5,6623.7,22
2019-08-17 07:26:59+00:00,cycling,139,74,6.116,289.6,6629.9,22
2019-08-17 07:27:00+00:00,cycling,138,63,6.512,289.7,6636.4,22
2019-08-17 07:27:01+00:00,cycling,142,67,6.213,289.7,6642.6,22
2019-08-17 07:27:02+00:00,cycling,139,72,6.625,289.8,6649.2,22
2019-08-17 07:27:03+00:00,cycling,143,75,6.432,289.9,6655.6,22
2019-08-17 07:27:04+00:00,cycling,144,73,6.904,290.0,6662.5,22
2019-08-17 07:27:05+00:00,cycling,143,74,6.967,290.0,6669.5,22
2019-08-17 07:27:06+00:00,cycling,140,69,6.809,290.1,6676.3,22
2019-08-17 07:27:07+00:00,cycling,141,77,6.661,290.2,6683.0,22
2019-08-17 07:27:08+00:00,cycling,142,66,6.786,290.2,6689.8,22
2019-08-17 07:27:09+00:00,cycling,143,75,6.426,290.3,6696.2,22
2019-08-17 07:27:10+00:00,cycling,141,67,6.775,290.3,6703.0,22
2019-08-17 07:27:11+00:00,cycling,140,71,6.619,290.4,6709.6,22
2019-08-17 07:27:12+00:00,cycling,141,71,6.726,290.4,6716.3,22
2019-08-17 07:27:13+00:00,cycling,144,70,6.978,290.5,6723.3,22
2019-08-17 07:27:14+00:00,cycling,141,78,7.249,290.5,6730.5,22
2019-08-17 07:27:15+00:00,cycling,142,75,6.774,290.6,6737.3,22
2019-08-17 07:27:16+00:00,cycling,141,72,7.053,290.7,6744.4,22
2019-08-17 07:27:17+00:00,cycling,140,75,7.011,290.8,6751.4,22
2019-08-17 07:27:18+00:00,cycling,141,72,6.948,290.8,6758.3,22
2019-08-17 07:27:19+00:00,cycling,143,70,6.917,290.9,6765.2,22
2019-08-17 07:27:20+00:00,cycling,139,75,6.841,290.9,6772.1,23
2019-08-17 07:27:21+00:00,cycling,140,71,6.889,291.0,6779.0,22
2019-08-17 07:27:22+00:00,cycling,142,72,6.709,291.0,6785.7,22
2019-08-17 07:27:23+00:00,cycling,143,81,7.209,291.1,6792.9,23
2019-08-17 07:27:24+00:00,cycling,140,75,7.083,291.1,6800.0,22
2019-08-17 07:27:25+00:00,cycling,141,82,7.076,291.2,6807.0,22
2019-08-17 07:27:26+00:00,cycling,139,78,7.129,291.3,6814.2,21
2019-08-17 07:27:27+00:00,cycling,139,75,6.939,291.4,6821.1,22
2019-08-17 07:27:28+00:00,cycling,140,68,6.778,291.4,6827.9,22
2019-08-17 07:27:29+00:00,cycling,140,77,6.948,291.5,6834.8,22
2019-08-17 07:27:30+00:00,cycling,141,81,6.993,291.6,6841.8,23
2019-08-17 07:27:31+00:00,cycling,141,74,6.868,291.6,6848.7,22
2019-08-17 07:27:32+00:00,cycling,138,69,6.714,291.6,6855.4,22
2019-08-17 07:27:33+00:00,cycling,141,75,7.163,291.7,6862.6,22
2019-08-17 07:27:34+00:00,cycling,142,84,7.437,291.7,6870.0,22
2019-08-17 07:27:35+00:00,cycling,138,74,7.125,291.8,6877.1,22
2019-08-17 07:27:36+00:00,cycling,140,82,7.364,291.9,6884.5,22
2019-08-17 07:27:37+00:00,cycling,142,73,7.154,291.9,6891.7,22
2019-08-17 07:27:38+00:00,cycling,141,74,7.405,291.9,6899.1,22
2019-08-17 07:27:39+00:00,cycling,139,77,7.671,292.0,6906.7,22
2019-08-17 07:27:40+00:00,cycling,144,74,7.382,292.0,6914.1,22
2019-08-17 07:27:41+00:00,cycling,138,76,6.963,292.1,6921.1,22
2019-08-17 07:27:42+00:00,cycling,140,74,6.813,292.1,6927.9,22
2019-08-17 07:27:43+00:00,cycling,141,79,7.299,292.2,6935.2,22
2019-08-17 07:27:44+00:00,cycling,140,74,7.057,292.2,6942.2,22
2019-08-17 07:27:45+00:00,cycling,139,74,7.376,292.3,6949.6,22
2019-08-17 07:27:46+00:00,cycling,142,74,7.224,292.3,6956.8,22
2019-08-17 07:27:47+00:00,cycling,141,80,7.384,292.3,6964.2,22
2019-08-17 07:27:48+00:00,cycling,139,79,7.231,292.4,6971.5,23
2019-08-17 07:27:49+00:00,cycling,144,73,7.266,292.4,6978.7,22
2019-08-17 07:27:50+00:00,cycling,142,81,7.742,292.5,6986.5,22
2019-08-17 07:27:51+00:00,cycling,139,76,7.244,292.5,6993.7,23
2019-08-17 07:27:52+00:00,cycling,140,76,7.366,292.6,7001.1,22
2019-08-17 07:27:53+00:00,cycling,142,75,7.151,292.6,7008.2,22
2019-08-17 07:27:54+00:00,cycling,142,70,7.014,292.7,7015.2,22
2019-08-17 07:27:55+00:00,cycling,140,84,7.484,292.7,7022.7,22
2019-08-17 07:27:56+00:00,cycling,141,75,7.193,292.8,7029.9,22
2019-08-17 07:27:57+00:00,cycling,141,78,7.189,292.8,7037.1,22
2019-08-17 07:27:58+00:00,cycling,140,80,7.678,292.8,7044.8,22
2019-08-17 07:27:59+00:00,cycling,142,77,7.639,292.9,7052.4,22
2019-08-17 07:28:00+00:00,cycling,142,72,7.77,292.9,7060.2,22
2019-08-17 07:28:01+00:00,cycling,139,71,7.605,293.0,7067.8,22
2019-08-17 07:28:02+00:00,cycling,140,75,7.457,293.0,7075.3,22
2019-08-17 07:28:03+00:00,cycling,142,75,7.656,293.0,7082.9,22
2019-08-17 07:28:04+00:00,cycling,142,81,7.33,293.0,7090.2,22
2019-08-17 07:28:05+00:00,cycling,141,76,7.635,293.0,7097.9,22
2019-08-17 07:28:06+00:00,cycling,138,76,7.114,293.0,7105.0,22
2019-08-17 07:28:07+00:00,cycling,141,80,6.774,293.1,7111.8,22
2019-08-17 07:28:08+00:00,cycling,143,76,7.509,293.1,7119.3,22
2019-08-17 07:28:09+00:00,cycling,142,80,7.477,293.1,7126.8,22
2019-08-17 07:28:10+00:00,cycling,141,77,7.354,293.1,7134.1,22
2019-08-17 07:28:11+00:00,cycling,141,84,7.769,293.2,7141.9,22
2019-08-17 07:28:12+00:00,cycling,140,80,7.049,293.2,7148.9,22
2019-08-17 07:28:13+00:00,cycling,140,76,7.373,293.2,7156.3,22
2019-08-17 07:28:14+00:00,cycling,142,86,7.582,293.3,7163.9,21
2019-08-17 07:28:15+00:00,cycling,142,76,7.408,293.3,7171.3,22
2019-08-17 07:28:16+00:00,cycling,142,79,7.12,293.3,7178.4,22
2019-08-17 07:28:17+00:00,cycling,142,81,7.619,293.3,7186.0,22
2019-08-17 07:28:18+00:00,cycling,143,79,7.578,293.3,7193.6,22
2019-08-17 07:28:19+00:00,cycling,143,76,7.544,293.4,7201.1,22
2019-08-17 07:28:20+00:00,cycling,139,80,7.84,293.4,7209.0,22
2019-08-17 07:28:21+00:00,cycling,141,79,6.997,293.4,7216.0,22
2019-08-17 07:28:22+00:00,cycling,138,79,7.031,293.4,7223.0,22
2019-08-17 07:28:23+00:00,cycling,143,75,7.609,293.5,7230.6,22
2019-08-17 07:28:24+00:00,cycling,141,73,6.919,293.5,7237.5,22
2019-08-17 07:28:25+00:00,cycling,140,76,7.425,293.6,7245.0,22
2019-08-17 07:28:26+00:00,cycling,140,73,6.998,293.6,7252.0,22
2019-08-17 07:28:27+00:00,cycling,141,71,7.336,293.6,7259.3,22
2019-08-17 07:28:28+00:00,cycling,140,81,7.518,293.6,7266.8,22
2019-08-17 07:28:29+00:00,cycling,140,83,7.199,293.6,7274.0,22
2019-08-17 07:28:30+00:00,cycling,140,73,7.175,293.6,7281.2,22
2019-08-17 07:28:31+00:00,cycling,142,81,7.299,293.6,7288.5,22
2019-08-17 07:28:32+00:00,cycling,142,78,7.182,293.6,7295.7,22
2019-08-17 07:28:33+00:00,cycling,143,85,7.641,293.7,7303.3,23
2019-08-17 07:28:34+00:00,cycling,142,73,7.3,293.7,7310.6,22
2019-08-17 07:28:35+00:00,cycling,142,78,7.24,293.7,7317.9,22
2019-08-17 07:28:36+00:00,cycling,139,80,7.278,293.7,7325.1,22
2019-08-17 07:28:37+00:00,cycling,142,79,7.458,293.7,7332.6,22
2019-08-17 07:28:38+00:00,cycling,144,78,6.847,293.7,7339.4,22
2019-08-17 07:28:39+00:00,cycling,141,78,7.092,293.7,7346.5,22
2019-08-17 07:28:40+00:00,cycling,141,83,7.008,293.7,7353.5,22
2019-08-17 07:28:41+00:00,cycling,140,73,7.148,293.8,7360.7,22
2019-08-17 07:28:42+00:00,cycling,144,70,7.257,293.8,7367.9,22
2019-08-17 07:28:43+00:00,cycling,140,74,6.93,293.9,7374.9,22
2019-08-17 07:28:44+00:00,cycling,141,74,7.198,293.9,7382.1,22
2019-08-17 07:28:45+00:00,cycling,142,75,7.494,293.9,7389.6,22
2019-08-17 07:28:46+00:00,cycling,140,82,6.781,293.9,7396.3,22
2019-08-17 07:28:47+00:00,cycling,140,76,6.882,293.9,7403.2,22
2019-08-17 07:28:48+00:00,cycling,142,72,7.191,293.9,7410.4,22
2019-08-17 07:28:49+00:00,cycling,143,75,7.273,293.9,7417.7,22
2019-08-17 07:28:50+00:00,cycling,141,81,7.114,293.9,7424.8,22
2019-08-17 07:28:51+00:00,cycling,138,69,6.969,293.9,7431.8,22
2019-08-17 07:28:52+00:00,cycling,142,71,7.254,293.9,7439.0,22
2019-08-17 07:28:53+00:00,cycling,142,81,6.979,293.9,7446.0,22
2019-08-17 07:28:54+00:00,cycling,142,80,7.161,293.9,7453.2,22
2019-08-17 07:28:55+00:00,cycling,141,76,6.911,293.9,7460.1,22
2019-08-17 07:28:56+00:00,cycling,142,72,6.971,293.9,7467.1,22
2019-08-17 07:28:57+00:00,cycling,141,72,7.329,293.9,7474.4,22
2019-08-17 07:28:58+00:00,cycling,142,77,6.888,293.9,7481.3,22
2019-08-17 07:28:59+00:00,cycling,144,70,6.959,293.9,7488.2,22
2019-08-17 07:29:00+00:00,cycling,142,74,6.937,293.9,7495.2,22
2019-08-17 07:29:01+00:00,cycling,145,74,6.577,293.9,7501.7,22
2019-08-17 07:29:02+00:00,cycling,141,77,7.06,293.9,7508.8,22
2019-08-17 07:29:03+00:00,cycling,143,71,7.446,293.9,7516.2,22
2019-08-17 07:29:04+00:00,cycling,140,69,7.094,293.8,7523.3,23
2019-08-17 07:29:05+00:00,cycling,142,76,6.469,293.9,7529.8,22
2019-08-17 07:29:06+00:00,cycling,143,76,6.952,293.8,7536.8,22
2019-08-17 07:29:07+00:00,cycling,142,75,6.741,293.9,7543.5,22
2019-08-17 07:29:08+00:00,cycling,142,78,7.056,293.9,7550.6,22
2019-08-17 07:29:09+00:00,cycling,141,74,6.803,293.9,7557.4,22
2019-08-17 07:29:10+00:00,cycling,141,72,6.555,293.9,7563.9,22
2019-08-17 07:29:11+00:00,cycling,142,73,6.956,293.9,7570.9,22
2019-08-17 07:29:12+00:00,cycling,142,83,6.537,293.9,7577.4,22
2019-08-17 07:29:13+00:00,cycling,142,76,7.012,293.9,7584.4,22
2019-08-17 07:29:14+00:00,cycling,143,79,6.996,293.9,7591.4,22
2019-08-17 07:29:15+00:00,cycling,144,69,6.829,293.9,7598.2,23
2019-08-17 07:29:16+00:00,cycling,142,83,7.009,293.9,7605.3,22
2019-08-17 07:29:17+00:00,cycling,139,77,7.037,293.9,7612.3,22
2019-08-17 07:29:18+00:00,cycling,145,72,6.517,293.9,7618.8,22
2019-08-17 07:29:19+00:00,cycling,141,75,7.016,293.8,7625.8,23
2019-08-17 07:29:20+00:00,cycling,141,66,6.788,293.8,7632.6,22
2019-08-17 07:29:21+00:00,cycling,143,80,6.964,293.8,7639.6,23
2019-08-17 07:29:22+00:00,cycling,143,76,6.833,293.8,7646.4,22
2019-08-17 07:29:23+00:00,cycling,143,74,7.056,293.8,7653.5,23
2019-08-17 07:29:24+00:00,cycling,144,72,6.502,293.8,7660.0,22
2019-08-17 07:29:25+00:00,cycling,141,70,6.36,293.8,7666.3,22
2019-08-17 07:29:26+00:00,cycling,140,74,6.648,293.8,7673.0,22
2019-08-17 07:29:27+00:00,cycling,141,76,6.891,293.8,7679.9,22
2019-08-17 07:29:28+00:00,cycling,141,75,6.48,293.7,7686.3,22
2019-08-17 07:29:29+00:00,cycling,143,80,6.369,293.7,7692.7,22
2019-08-17 07:29:30+00:00,cycling,144,70,6.465,293.7,7699.2,22
2019-08-17 07:29:31+00:00,cycling,143,73,6.838,293.7,7706.0,22
2019-08-17 07:29:32+00:00,cycling,140,73,6.674,293.6,7712.7,23
2019-08-17 07:29:33+00:00,cycling,142,66,6.604,293.6,7719.3,22
2019-08-17 07:29:34+00:00,cycling,143,75,6.803,293.5,7726.1,22
2019-08-17 07:29:35+00:00,cycling,142,70,6.628,293.5,7732.7,22
2019-08-17 07:29:36+00:00,cycling,141,74,6.916,293.5,7739.6,22
2019-08-17 07:29:37+00:00,cycling,142,69,6.891,293.5,7746.5,22
2019-08-17 07:29:38+00:00,cycling,144,69,6.524,293.4,7753.1,22
2019-08-17 07:29:39+00:00,cycling,143,73,6.888,293.4,7760.0,22
2019-08-17 07:29:40+00:00,cycling,141,66,6.518,293.4,7766.5,22
2019-08-17 07:29:41+00:00,cycling,145,78,6.795,293.3,7773.3,22
2019-08-17 07:29:42+00:00,cycling,145,69,6.978,293.2,7780.2,22
2019-08-17 07:29:43+00:00,cycling,142,76,6.577,293.2,7786.8,22
2019-08-17 07:29:44+00:00,cycling,144,83,6.66,293.2,7793.5,22
2019-08-17 07:29:45+00:00,cycling,144,71,6.812,293.2,7800.3,22
2019-08-17 07:29:46+00:00,cycling,142,66,6.676,293.2,7807.0,22
2019-08-17 07:29:47+00:00,cycling,142,77,6.855,293.1,7813.8,23
2019-08-17 07:29:48+00:00,cycling,147,73,6.56,293.1,7820.4,22
2019-08-17 07:29:49+00:00,cycling,144,76,6.365,293.0,7826.7,23
2019-08-17 07:29:50+00:00,cycling,142,77,6.433,293.0,7833.2,22
2019-08-17 07:29:51+00:00,cycling,145,71,6.281,293.0,7839.5,23
2019-08-17 07:29:52+00:00,cycling,142,69,6.588,292.9,7846.0,22
2019-08-17 07:29:53+00:00,cycling,143,74,6.657,292.9,7852.7,22
2019-08-17 07:29:54+00:00,cycling,142,71,6.726,292.9,7859.4,22
2019-08-17 07:29:55+00:00,cycling,143,80,6.564,292.8,7866.0,22
2019-08-17 07:29:56+00:00,cycling,141,70,6.518,292.8,7872.5,22
2019-08-17 07:29:57+00:00,cycling,143,77,6.574,292.8,7879.1,22
2019-08-17 07:29:58+00:00,cycling,144,81,6.652,292.7,7885.7,23
2019-08-17 07:29:59+00:00,cycling,144,71,6.606,292.7,7892.3,23
2019-08-17 07:30:00+00:00,cycling,145,68,6.43,292.7,7898.8,22
2019-08-17 07:30:01+00:00,cycling,143,76,6.68,292.6,7905.5,22
2019-08-17 07:30:02+00:00,cycling,144,68,5.963,292.5,7911.4,22
2019-08-17 07:30:03+00:00,cycling,144,74,6.433,292.5,7917.9,22
2019-08-17 07:30:04+00:00,cycling,142,75,6.238,292.4,7924.1,23
2019-08-17 07:30:05+00:00,cycling,144,69,6.5,292.4,7930.6,22
2019-08-17 07:30:06+00:00,cycling,145,73,6.364,292.3,7937.0,22
2019-08-17 07:30:07+00:00,cycling,144,74,6.885,292.2,7943.8,23
2019-08-17 07:30:08+00:00,cycling,144,76,6.337,292.2,7950.2,23
2019-08-17 07:30:09+00:00,cycling,141,70,6.586,292.1,7956.8,22
2019-08-17 07:30:10+00:00,cycling,143,69,6.007,292.1,7962.8,22
2019-08-17 07:30:11+00:00,cycling,143,72,6.582,292.0,7969.4,22
2019-08-17 07:30:12+00:00,cycling,142,68,7.045,292.0,7976.4,23
2019-08-17 07:30:13+00:00,cycling,144,72,6.243,291.9,7982.6,22
2019-08-17 07:30:14+00:00,cycling,145,73,6.826,291.9,7989.5,22
2019-08-17 07:30:15+00:00,cycling,143,70,6.415,291.8,7995.9,22
2019-08-17 07:30:16+00:00,cycling,146,70,6.373,291.8,8002.3,22
2019-08-17 07:30:17+00:00,cycling,144,70,6.643,291.7,8008.9,22
2019-08-17 07:30:18+00:00,cycling,142,77,6.442,291.7,8015.3,22
2019-08-17 07:30:19+00:00,cycling,143,74,6.514,291.6,8021.9,22
2019-08-17 07:30:20+00:00,cycling,144,76,6.507,291.6,8028.4,23
2019-08-17 07:30:21+00:00,cycling,143,75,6.282,291.5,8034.6,22
2019-08-17 07:30:22+00:00,cycling,143,77,6.918,291.4,8041.6,23
2019-08-17 07:30:23+00:00,cycling,142,72,6.245,291.4,8047.8,23
2019-08-17 07:30:24+00:00,cycling,145,74,6.595,291.3,8054.4,22
2019-08-17 07:30:25+00:00,cycling,144,76,6.544,291.3,8060.9,22
2019-08-17 07:30:26+00:00,cycling,145,73,6.44,291.2,8067.4,22
2019-08-17 07:30:27+00:00,cycling,143,66,6.066,291.1,8073.4,22
2019-08-17 07:30:28+00:00,cycling,145,72,6.93,291.1,8080.4,22
2019-08-17 07:30:29+00:00,cycling,144,68,6.578,291.0,8087.0,22
2019-08-17 07:30:30+00:00,cycling,145,77,6.054,290.9,8093.0,23
2019-08-17 07:30:31+00:00,cycling,145,78,6.235,290.9,8099.2,22
2019-08-17 07:30:32+00:00,cycling,145,75,6.203,290.8,8105.4,22
2019-08-17 07:30:33+00:00,cycling,145,68,6.364,290.8,8111.8,22
2019-08-17 07:30:34+00:00,cycling,141,72,6.468,290.8,8118.3,22
2019-08-17 07:30:35+00:00,cycling,144,66,6.816,290.7,8125.1,22
2019-08-17 07:30:36+00:00,cycling,142,67,6.322,290.6,8131.4,22
2019-08-17 07:30:37+00:00,cycling,144,73,6.476,290.6,8137.9,22
2019-08-17 07:30:38+00:00,cycling,146,75,6.901,290.5,8144.8,22
2019-08-17 07:30:39+00:00,cycling,142,73,6.37,290.4,8151.2,22
2019-08-17 07:30:40+00:00,cycling,145,66,6.043,290.4,8157.2,22
2019-08-17 07:30:41+00:00,cycling,144,73,6.569,290.3,8163.8,22
2019-08-17 07:30:42+00:00,cycling,145,82,6.816,290.2,8170.6,22
2019-08-17 07:30:43+00:00,cycling,144,70,6.599,290.2,8177.2,22
2019-08-17 07:30:44+00:00,cycling,145,69,6.432,290.2,8183.6,22
2019-08-17 07:30:45+00:00,cycling,143,74,7.064,290.1,8190.7,22
2019-08-17 07:30:46+00:00,cycling,143,71,6.82,290.0,8197.5,22
2019-08-17 07:30:47+00:00,cycling,144,75,6.744,290.0,8204.3,23
2019-08-17 07:30:48+00:00,cycling,145,75,6.891,289.9,8211.1,23
2019-08-17 07:30:49+00:00,cycling,145,75,6.934,289.8,8218.1,22
2019-08-17 07:30:50+00:00,cycling,146,67,6.794,289.8,8224.9,22
2019-08-17 07:30:51+00:00,cycling,146,71,7.32,289.7,8232.2,23
2019-08-17 07:30:52+00:00,cycling,146,84,6.962,289.6,8239.2,22
2019-08-17 07:30:53+00:00,cycling,145,76,6.967,289.6,8246.1,22
2019-08-17 07:30:54+00:00,cycling,144,73,7.033,289.5,8253.2,23
2019-08-17 07:30:55+00:00,cycling,143,78,7.065,289.4,8260.2,22
2019-08-17 07:30:56+00:00,cycling,143,76,6.719,289.4,8266.9,22
2019-08-17 07:30:57+00:00,cycling,143,72,6.742,289.2,8273.7,23
2019-08-17 07:30:58+00:00,cycling,144,83,7.243,289.2,8280.9,23
2019-08-17 07:30:59+00:00,cycling,143,78,6.799,289.1,8287.7,22
2019-08-17 07:31:00+00:00,cycling,145,74,6.301,289.0,8294.0,22
2019-08-17 07:31:01+00:00,cycling,142,67,7.023,288.9,8301.0,22
2019-08-17 07:31:02+00:00,cycling,147,74,7.384,288.9,8308.4,23
2019-08-17 07:31:03+00:00,cycling,145,67,6.749,288.8,8315.2,22
2019-08-17 07:31:04+00:00,cycling,144,74,7.403,288.7,8322.6,22
2019-08-17 07:31:05+00:00,cycling,144,78,6.946,288.6,8329.5,23
2019-08-17 07:31:06+00:00,cycling,145,79,7.3,288.6,8336.8,22
2019-08-17 07:31:07+00:00,cycling,144,70,6.753,288.5,8343.6,22
2019-08-17 07:31:08+00:00,cycling,147,74,7.001,288.4,8350.6,22
2019-08-17 07:31:09+00:00,cycling,145,64,7.158,288.4,8357.7,22
2019-08-17 07:31:10+00:00,cycling,143,76,7.288,288.2,8365.0,23
2019-08-17 07:31:11+00:00,cycling,147,78,7.102,288.2,8372.1,22
2019-08-17 07:31:12+00:00,cycling,142,71,7.082,288.1,8379.2,23
2019-08-17 07:31:13+00:00,cycling,141,76,7.004,288.0,8386.2,22
2019-08-17 07:31:14+00:00,cycling,143,77,7.019,288.0,8393.2,22
2019-08-17 07:31:15+00:00,cycling,145,81,7.322,287.9,8400.6,22
2019-08-17 07:31:16+00:00,cycling,142,83,7.522,287.8,8408.1,22
2019-08-17 07:31:17+00:00,cycling,146,78,7.586,287.7,8415.7,23
2019-08-17 07:31:18+00:00,cycling,145,80,7.374,287.7,8423.0,22
2019-08-17 07:31:19+00:00,cycling,146,80,7.343,287.5,8430.4,22
2019-08-17 07:31:20+00:00,cycling,144,82,7.389,287.5,8437.8,22
2019-08-17 07:31:21+00:00,cycling,146,78,7.036,287.4,8444.8,22
2019-08-17 07:31:22+00:00,cycling,148,78,7.233,287.3,8452.0,22
2019-08-17 07:31:23+00:00,cycling,145,76,6.931,287.2,8459.0,22
2019-08-17 07:31:24+00:00,cycling,143,76,7.656,287.1,8466.6,23
2019-08-17 07:31:25+00:00,cycling,142,75,7.584,287.1,8474.2,23
2019-08-17 07:31:26+00:00,cycling,145,74,7.603,287.0,8481.8,22
2019-08-17 07:31:27+00:00,cycling,146,85,7.41,286.9,8489.2,23
2019-08-17 07:31:28+00:00,cycling,145,79,7.363,286.8,8496.6,22
2019-08-17 07:31:29+00:00,cycling,145,71,7.281,286.7,8503.9,22
2019-08-17 07:31:30+00:00,cycling,147,85,8.04,286.6,8511.9,22
2019-08-17 07:31:31+00:00,cycling,142,76,7.459,286.6,8519.4,22
2019-08-17 07:31:32+00:00,cycling,143,74,7.424,286.5,8526.8,23
2019-08-17 07:31:33+00:00,cycling,148,85,8.044,286.4,8534.8,22
2019-08-17 07:31:34+00:00,cycling,146,79,7.715,286.3,8542.6,22
2019-08-17 07:31:35+00:00,cycling,147,75,7.63,286.2,8550.2,23
2019-08-17 07:31:36+00:00,cycling,148,84,7.873,286.1,8558.1,22
2019-08-17 07:31:37+00:00,cycling,146,79,7.632,286.0,8565.7,23
2019-08-17 07:31:38+00:00,cycling,148,79,7.521,285.9,8573.2,22
2019-08-17 07:31:39+00:00,cycling,145,78,7.785,285.8,8581.0,22
2019-08-17 07:31:40+00:00,cycling,145,83,8.186,285.7,8589.2,22
2019-08-17 07:31:41+00:00,cycling,144,75,7.436,285.6,8596.6,22
2019-08-17 07:31:42+00:00,cycling,146,80,7.942,285.5,8604.6,22
2019-08-17 07:31:43+00:00,cycling,145,76,7.562,285.5,8612.1,22
2019-08-17 07:31:44+00:00,cycling,145,75,7.728,285.4,8619.8,22
2019-08-17 07:31:45+00:00,cycling,145,74,8.246,285.3,8628.1,23
2019-08-17 07:31:46+00:00,cycling,145,85,7.959,285.2,8636.1,22
2019-08-17 07:31:47+00:00,cycling,147,81,7.784,285.1,8643.8,22
2019-08-17 07:31:48+00:00,cycling,147,83,7.911,285.0,8651.7,23
2019-08-17 07:31:49+00:00,cycling,145,81,7.658,284.9,8659.4,23
2019-08-17 07:31:50+00:00,cycling,149,79,8.067,284.8,8667.5,22
2019-08-17 07:31:51+00:00,cycling,146,84,8.362,284.7,8675.8,22
2019-08-17 07:31:52+00:00,cycling,145,76,7.901,284.6,8683.7,22
2019-08-17 07:31:53+00:00,cycling,144,88,8.082,284.5,8691.8,22
2019-08-17 07:31:54+00:00,cycling,147,80,8.351,284.5,8700.2,23
2019-08-17 07:31:55+00:00,cycling,146,74,7.944,284.4,8708.1,22
2019-08-17 07:31:56+00:00,cycling,148,84,8.328,284.3,8716.4,22
2019-08-17 07:31:57+00:00,cycling,145,77,7.864,284.2,8724.3,22
2019-08-17 07:31:58+00:00,cycling,146,76,8.051,284.1,8732.4,22
2019-08-17 07:31:59+00:00,cycling,146,78,7.735,284.0,8740.1,23
2019-08-17 07:32:00+00:00,cycling,149,82,7.897,283.9,8748.0,23
2019-08-17 07:32:01+00:00,cycling,146,81,8.201,283.8,8756.2,23
2019-08-17 07:32:02+00:00,cycling,147,84,8.471,283.8,8764.7,22
2019-08-17 07:32:03+00:00,cycling,146,85,7.964,283.7,8772.6,22
2019-08-17 07:32:04+00:00,cycling,144,91,8.594,283.6,8781.2,22
2019-08-17 07:32:05+00:00,cycling,146,76,8.056,283.4,8789.3,22
2019-08-17 07:32:06+00:00,cycling,147,86,8.455,283.4,8797.7,22
2019-08-17 07:32:07+00:00,cycling,144,83,8.32,283.2,8806.0,22
2019-08-17 07:32:08+00:00,cycling,147,76,8.532,283.1,8814.6,22
2019-08-17 07:32:09+00:00,cycling,147,83,8.066,283.0,8822.6,22
2019-08-17 07:32:10+00:00,cycling,146,81,8.098,282.9,8830.7,22
2019-08-17 07:32:11+00:00,cycling,146,89,8.64,282.8,8839.4,22
2019-08-17 07:32:12+00:00,cycling,148,80,8.524,282.7,8847.9,22
2019-08-17 07:32:13+00:00,cycling,147,90,8.575,282.6,8856.5,22
2019-08-17 07:32:14+00:00,cycling,145,87,8.293,282.5,8864.8,22
2019-08-17 07:32:15+00:00,cycling,148,84,8.509,282.4,8873.3,22
2019-08-17 07:32:16+00:00,cycling,148,85,8.53,282.4,8881.8,23
2019-08-17 07:32:17+00:00,cycling,150,91,8.73,282.3,8890.5,22
2019-08-17 07:32:18+00:00,cycling,146,85,8.726,282.2,8899.3,22
2019-08-17 07:32:19+00:00,cycling,146,87,8.712,282.1,8908.0,23
2019-08-17 07:32:20+00:00,cycling,148,83,8.463,282.0,8916.4,23
2019-08-17 07:32:21+00:00,cycling,147,82,8.899,281.9,8925.3,22
2019-08-17 07:32:22+00:00,cycling,147,78,8.711,281.8,8934.1,23
2019-08-17 07:32:23+00:00,cycling,145,84,8.629,281.7,8942.7,22
2019-08-17 07:32:24+00:00,cycling,149,84,8.616,281.6,8951.3,22
2019-08-17 07:32:25+00:00,cycling,146,85,8.744,281.5,8960.0,23
2019-08-17 07:32:26+00:00,cycling,147,85,8.766,281.5,8968.8,22
2019-08-17 07:32:27+00:00,cycling,148,83,8.801,281.4,8977.6,23
2019-08-17 07:32:28+00:00,cycling,148,87,9.054,281.3,8986.7,23
2019-08-17 07:32:29+00:00,cycling,147,83,8.81,281.1,8995.5,23
2019-08-17 07:32:30+00:00,cycling,149,82,8.553,281.0,9004.0,22
2019-08-17 07:32:31+00:00,cycling,146,86,8.77,281.0,9012.8,22
2019-08-17 07:32:32+00:00,cycling,148,89,8.513,280.9,9021.3,23
2019-08-17 07:32:33+00:00,cycling,145,86,8.676,280.8,9030.0,22
2019-08-17 07:32:34+00:00,cycling,146,88,8.727,280.7,9038.7,22
2019-08-17 07:32:35+00:00,cycling,145,84,8.765,280.6,9047.5,23
2019-08-17 07:32:36+00:00,cycling,148,89,8.989,280.5,9056.5,22
2019-08-17 07:32:37+00:00,cycling,149,89,8.669,280.5,9065.1,22
2019-08-17 07:32:38+00:00,cycling,145,95,9.085,280.3,9074.2,23
2019-08-17 07:32:39+00:00,cycling,148,91,9.253,280.2,9083.5,22
2019-08-17 07:32:40+00:00,cycling,148,87,9.026,280.1,9092.5,22
2019-08-17 07:32:41+00:00,cycling,145,89,8.762,280.0,9101.3,22
2019-08-17 07:32:42+00:00,cycling,149,90,8.982,279.9,9110.2,23
2019-08-17 07:32:43+00:00,cycling,145,92,8.481,279.8,9118.7,22
2019-08-17 07:32:44+00:00,cycling,149,89,8.727,279.7,9127.5,22
2019-08-17 07:32:45+00:00,cycling,145,89,8.984,279.6,9136.4,23
2019-08-17 07:32:46+00:00,cycling,148,89,9.082,279.5,9145.5,22
2019-08-17 07:32:47+00:00,cycling,147,87,8.824,279.4,9154.3,22
2019-08-17 07:32:48+00:00,cycling,148,89,9.139,279.3,9163.5,22
2019-08-17 07:32:49+00:00,cycling,146,94,9.114,279.2,9172.6,23
2019-08-17 07:32:50+00:00,cycling,150,89,8.994,279.0,9181.6,22
2019-08-17 07:32:51+00:00,cycling,149,87,9.032,278.9,9190.6,22
2019-08-17 07:32:52+00:00,cycling,148,89,8.877,278.8,9199.5,23
2019-08-17 07:32:53+00:00,cycling,147,87,9.263,278.7,9208.8,22
2019-08-17 07:32:54+00:00,cycling,148,98,9.011,278.6,9217.8,22
2019-08-17 07:32:55+00:00,cycling,146,92,9.602,278.6,9227.4,22
2019-08-17 07:32:56+00:00,cycling,147,86,9.378,278.4,9236.8,22
2019-08-17 07:32:57+00:00,cycling,148,90,8.922,278.3,9245.7,23
2019-08-17 07:32:58+00:00,cycling,148,92,9.063,278.2,9254.7,22
2019-08-17 07:32:59+00:00,cycling,149,84,8.904,278.1,9263.6,22
2019-08-17 07:33:00+00:00,cycling,147,87,8.96,278.0,9272.6,23
2019-08-17 07:33:01+00:00,cycling,147,84,8.551,277.9,9281.2,22
2019-08-17 07:33:02+00:00,cycling,148,88,9.002,277.9,9290.2,22
2019-08-17 07:33:03+00:00,cycling,147,82,8.872,277.8,9299.0,22
2019-08-17 07:33:04+00:00,cycling,148,89,8.829,277.7,9307.9,22
2019-08-17 07:33:05+00:00,cycling,151,93,9.155,277.6,9317.0,22
2019-08-17 07:33:06+00:00,cycling,150,97,8.963,277.5,9326.0,22
2019-08-17 07:33:07+00:00,cycling,148,92,8.851,277.4,9334.8,22
2019-08-17 07:33:08+00:00,cycling,145,88,8.903,277.4,9343.7,23
2019-08-17 07:33:09+00:00,cycling,151,83,8.599,277.2,9352.3,23
2019-08-17 07:33:10+00:00,cycling,149,88,9.061,277.1,9361.4,23
2019-08-17 07:33:11+00:00,cycling,148,87,9.045,277.0,9370.4,22
2019-08-17 07:33:12+00:00,cycling,149,92,9.153,276.9,9379.6,22
2019-08-17 07:33:13+00:00,cycling,148,78,8.865,276.8,9388.5,22
2019-08-17 07:33:14+00:00,cycling,147,84,9.363,276.7,9397.8,23
2019-08-17 07:33:15+00:00,cycling,150,81,8.411,276.7,9406.2,22
2019-08-17 07:33:16+00:00,cycling,147,85,9.337,276.5,9415.6,22
2019-08-17 07:33:17+00:00,cycling,148,81,8.629,276.4,9424.2,23
2019-08-17 07:33:18+00:00,cycling,148,87,9.134,276.3,9433.3,22
2019-08-17 07:33:19+00:00,cycling,148,86,9.734,276.2,9443.1,22
2019-08-17 07:33:20+00:00,cycling,150,91,8.773,276.2,9451.8,23
2019-08-17 07:33:21+00:00,cycling,150,90,9.133,276.1,9461.0,22
2019-08-17 07:33:22+00:00,cycling,145,90,8.77,276.0,9469.7,22
2019-08-17 07:33:23+00:00,cycling,149,85,8.872,275.9,9478.6,22
2019-08-17 07:33:24+00:00,cycling,149,87,9.153,275.9,9487.8,23
2019-08-17 07:33:25+00:00,cycling,148,91,8.929,275.8,9496.7,23
2019-08-17 07:33:26+00:00,cycling,149,88,9.092,275.7,9505.8,23
2019-08-17 07:33:27+00:00,cycling,146,94,9.12,275.6,9514.9,23
2019-08-17 07:33:28+00:00,cycling,146,83,9.044,275.5,9523.9,23
2019-08-17 07:33:29+00:00,cycling,150,93,9.383,275.4,9533.3,22
2019-08-17 07:33:30+00:00,cycling,152,81,8.915,275.4,9542.2,22
2019-08-17 07:33:31+00:00,cycling,149,81,8.854,275.2,9551.1,23
2019-08-17 07:33:32+00:00,cycling,150,91,9.126,275.1,9560.2,22
2019-08-17 07:33:33+00:00,cycling,148,95,8.844,275.0,9569.1,23
2019-08-17 07:33:34+00:00,cycling,150,90,9.19,274.9,9578.3,22
2019-08-17 07:33:35+00:00,cycling,149,87,9.135,274.8,9587.4,22
2019-08-17 07:33:36+00:00,cycling,149,89,9.218,274.7,9596.6,22
2019-08-17 07:33:37+00:00,cycling,151,87,8.877,274.6,9605.5,22
2019-08-17 07:33:38+00:00,cycling,149,85,8.864,274.5,9614.4,22
2019-08-17 07:33:39+00:00,cycling,148,94,8.896,274.4,9623.2,22
2019-08-17 07:33:40+00:00,cycling,148,92,9.006,274.4,9632.3,22
2019-08-17 07:33:41+00:00,cycling,148,87,9.277,274.3,9641.5,22
2019-08-17 07:33:42+00:00,cycling,146,90,9.069,274.2,9650.6,23
2019-08-17 07:33:43+00:00,cycling,148,84,9.235,274.1,9659.8,23
2019-08-17 07:33:44+00:00,cycling,149,87,8.811,274.0,9668.6,22
2019-08-17 07:33:45+00:00,cycling,147,91,9.015,273.9,9677.7,23
2019-08-17 07:33:46+00:00,cycling,150,82,8.88,273.8,9686.5,22
2019-08-17 07:33:47+00:00,cycling,149,77,8.536,273.7,9695.1,22
2019-08-17 07:33:48+00:00,cycling,150,87,8.821,273.6,9703.9,23
2019-08-17 07:33:49+00:00,cycling,150,80,8.915,273.5,9712.8,22
2019-08-17 07:33:50+00:00,cycling,149,76,8.608,273.4,9721.4,23
2019-08-17 07:33:51+00:00,cycling,148,84,8.886,273.3,9730.3,22
2019-08-17 07:33:52+00:00,cycling,151,87,8.489,273.2,9738.8,23
2019-08-17 07:33:53+00:00,cycling,149,99,8.484,273.1,9747.3,23
2019-08-17 07:33:54+00:00,cycling,151,85,9.068,273.0,9756.3,22
2019-08-17 07:33:55+00:00,cycling,150,87,8.322,272.9,9764.7,23
2019-08-17 07:33:56+00:00,cycling,150,84,8.84,272.8,9773.5,23
2019-08-17 07:33:57+00:00,cycling,146,87,8.444,272.7,9782.0,22
2019-08-17 07:33:58+00:00,cycling,150,86,9.089,272.6,9791.0,22
2019-08-17 07:33:59+00:00,cycling,149,90,8.507,272.5,9799.5,23
2019-08-17 07:34:00+00:00,cycling,145,83,8.659,272.4,9808.2,22
2019-08-17 07:34:01+00:00,cycling,149,93,8.747,272.3,9817.0,22
2019-08-17 07:34:02+00:00,cycling,145,81,8.559,272.2,9825.5,23
2019-08-17 07:34:03+00:00,cycling,150,88,8.592,272.2,9834.1,22
2019-08-17 07:34:04+00:00,cycling,146,83,8.531,272.1,9842.6,22
2019-08-17 07:34:05+00:00,cycling,148,88,8.601,272.0,9851.2,22
2019-08-17 07:34:06+00:00,cycling,152,82,8.455,271.9,9859.7,23
2019-08-17 07:34:07+00:00,cycling,150,80,8.505,271.9,9868.2,22
2019-08-17 07:34:08+00:00,cycling,148,91,9.002,271.8,9877.2,22
2019-08-17 07:34:09+00:00,cycling,150,84,8.591,271.7,9885.8,23
2019-08-17 07:34:10+00:00,cycling,150,80,8.647,271.6,9894.4,22
2019-08-17 07:34:11+00:00,cycling,146,94,8.676,271.5,9903.1,23
2019-08-17 07:34:12+00:00,cycling,152,87,8.501,271.5,9911.6,23
2019-08-17 07:34:13+00:00,cycling,148,83,8.391,271.4,9920.0,22
2019-08-17 07:34:14+00:00,cycling,152,88,8.454,271.3,9928.5,23
2019-08-17 07:34:15+00:00,cycling,149,86,8.342,271.2,9936.8,22
2019-08-17 07:34:16+00:00,cycling,149,83,8.408,271.1,9945.2,23
2019-08-17 07:34:17+00:00,cycling,149,80,8.553,271.1,9953.8,23
2019-08-17 07:34:18+00:00,cycling,147,83,8.208,271.0,9962.0,22
2019-08-17 07:34:19+00:00,cycling,147,93,8.31,270.9,9970.3,22
2019-08-17 07:34:20+00:00,cycling,149,77,7.765,270.8,9978.0,22
2019-08-17 07:34:21+00:00,cycling,151,80,8.358,270.8,9986.4,22
2019-08-17 07:34:22+00:00,cycling,150,91,8.267,270.7,9994.7,23
2019-08-17 07:34:23+00:00,cycling,147,75,8.087,270.5,10002.8,22
2019-08-17 07:34:24+00:00,cycling,149,82,8.412,270.5,10011.2,22
2019-08-17 07:34:25+00:00,cycling,147,81,7.985,270.4,10019.2,23
2019-08-17 07:34:26+00:00,cycling,150,82,8.313,270.3,10027.5,23
2019-08-17 07:34:27+00:00,cycling,150,84,8.491,270.3,10036.0,23
2019-08-17 07:34:28+00:00,cycling,148,86,8.193,270.2,10044.2,23
2019-08-17 07:34:29+00:00,cycling,149,85,8.365,270.2,10052.5,22
2019-08-17 07:34:30+00:00,cycling,150,83,8.004,270.1,10060.5,23
2019-08-17 07:34:31+00:00,cycling,149,89,8.644,270.0,10069.2,22
2019-08-17 07:34:32+00:00,cycling,151,76,8.032,269.9,10077.2,23
2019-08-17 07:34:33+00:00,cycling,150,84,8.289,269.9,10085.5,23
2019-08-17 07:34:34+00:00,cycling,150,77,8.131,269.8,10093.6,23
2019-08-17 07:34:35+00:00,cycling,149,82,8.217,269.7,10101.8,23
2019-08-17 07:34:36+00:00,cycling,149,86,8.495,269.7,10110.3,23
2019-08-17 07:34:37+00:00,cycling,150,82,8.396,269.6,10118.7,22
2019-08-17 07:34:38+00:00,cycling,152,81,8.065,269.5,10126.8,23
2019-08-17 07:34:39+00:00,cycling,153,83,7.988,269.5,10134.8,22
2019-08-17 07:34:40+00:00,cycling,149,84,8.129,269.4,10142.9,22
2019-08-17 07:34:41+00:00,cycling,148,78,7.804,269.3,10150.7,23
2019-08-17 07:34:42+00:00,cycling,149,79,8.111,269.2,10158.8,22
2019-08-17 07:34:43+00:00,cycling,151,87,8.488,269.2,10167.3,23
2019-08-17 07:34:44+00:00,cycling,149,82,8.275,269.1,10175.6,22
2019-08-17 07:34:45+00:00,cycling,152,79,8.31,269.0,10183.9,22
2019-08-17 07:34:46+00:00,cycling,151,81,7.931,269.0,10191.8,23
2019-08-17 07:34:47+00:00,cycling,151,85,8.013,268.9,10199.8,23
2019-08-17 07:34:48+00:00,cycling,149,84,8.017,268.9,10207.9,22
2019-08-17 07:34:49+00:00,cycling,150,74,8.018,268.9,10215.9,23
2019-08-17 07:34:50+00:00,cycling,152,80,8.567,268.8,10224.4,23
2019-08-17 07:34:51+00:00,cycling,150,73,7.534,268.7,10232.0,23
2019-08-17 07:34:52+00:00,cycling,150,86,8.136,268.7,10240.1,22
2019-08-17 07:34:53+00:00,cycling,147,81,7.762,268.6,10247.9,23
2019-08-17 07:34:54+00:00,cycling,149,82,7.681,268.6,10255.6,23
2019-08-17 07:34:55+00:00,cycling,151,82,8.09,268.5,10263.6,23
2019-08-17 07:34:56+00:00,cycling,150,75,8.039,268.4,10271.7,23
2019-08-17 07:34:57+00:00,cycling,149,88,8.257,268.4,10279.9,22
2019-08-17 07:34:58+00:00,cycling,154,77,7.819,268.3,10287.8,22
2019-08-17 07:34:59+00:00,cycling,150,81,8.048,268.3,10295.8,23
2019-08-17 07:35:00+00:00,cycling,152,73,7.553,268.2,10303.4,22
2019-08-17 07:35:01+00:00,cycling,148,82,7.991,268.1,10311.3,22
2019-08-17 07:35:02+00:00,cycling,152,78,7.942,268.1,10319.3,23
2019-08-17 07:35:03+00:00,cycling,152,85,8.234,268.1,10327.5,22
2019-08-17 07:35:04+00:00,cycling,150,83,7.907,268.0,10335.4,22
2019-08-17 07:35:05+00:00,cycling,151,78,8.214,268.0,10343.6,23
2019-08-17 07:35:06+00:00,cycling,150,91,8.27,267.9,10351.9,22
2019-08-17 07:35:07+00:00,cycling,149,91,8.273,267.8,10360.2,23
2019-08-17 07:35:08+00:00,cycling,150,78,7.756,267.7,10367.9,23
2019-08-17 07:35:09+00:00,cycling,150,77,7.861,267.7,10375.8,23
2019-08-17 07:35:10+00:00,cycling,151,86,8.025,267.6,10383.8,23
2019-08-17 07:35:11+00:00,cycling,152,81,7.739,267.6,10391.6,22
2019-08-17 07:35:12+00:00,cycling,152,81,8.227,267.5,10399.8,23
2019-08-17 07:35:13+00:00,cycling,150,84,7.461,267.5,10407.3,23
2019-08-17 07:35:14+00:00,cycling,150,81,7.703,267.4,10415.0,22
2019-08-17 07:35:15+00:00,cycling,150,81,7.384,267.3,10422.3,22
2019-08-17 07:35:16+00:00,cycling,152,80,7.863,267.3,10430.2,23
2019-08-17 07:35:17+00:00,cycling,151,78,7.748,267.2,10438.0,23
2019-08-17 07:35:18+00:00,cycling,150,74,7.366,267.2,10445.3,23
2019-08-17 07:35:19+00:00,cycling,151,86,8.597,267.1,10453.9,23
2019-08-17 07:35:20+00:00,cycling,154,82,8.266,267.1,10462.2,22
2019-08-17 07:35:21+00:00,cycling,151,81,8.459,267.1,10470.6,22
2019-08-17 07:35:22+00:00,cycling,151,83,7.811,267.0,10478.4,23
2019-08-17 07:35:23+00:00,cycling,151,87,7.723,267.0,10486.2,23
2019-08-17 07:35:24+00:00,cycling,150,82,8.065,267.0,10494.2,23
2019-08-17 07:35:25+00:00,cycling,152,81,7.674,267.0,10501.9,22
2019-08-17 07:35:26+00:00,cycling,148,80,7.736,266.9,10509.6,22
2019-08-17 07:35:27+00:00,cycling,150,83,7.94,266.9,10517.6,22
2019-08-17 07:35:28+00:00,cycling,155,86,8.042,266.8,10525.6,23
2019-08-17 07:35:29+00:00,cycling,149,77,7.413,266.8,10533.0,23
2019-08-17 07:35:30+00:00,cycling,147,83,8.073,266.8,10541.1,22
2019-08-17 07:35:31+00:00,cycling,151,81,8.212,266.8,10549.3,22
2019-08-17 07:35:32+00:00,cycling,150,76,7.702,266.7,10557.0,22
2019-08-17 07:35:33+00:00,cycling,152,83,7.609,266.6,10564.6,22
2019-08-17 07:35:34+00:00,cycling,149,83,7.939,266.6,10572.6,23
2019-08-17 07:35:35+00:00,cycling,150,79,7.894,266.6,10580.5,22
2019-08-17 07:35:36+00:00,cycling,151,80,7.833,266.6,10588.3,22
2019-08-17 07:35:37+00:00,cycling,150,79,8.111,266.5,10596.4,22
2019-08-17 07:35:38+00:00,cycling,151,83,7.979,266.5,10604.4,23
2019-08-17 07:35:39+00:00,cycling,149,79,8.054,266.5,10612.4,23
2019-08-17 07:35:40+00:00,cycling,150,91,8.147,266.5,10620.6,22
2019-08-17 07:35:41+00:00,cycling,154,85,8.008,266.4,10628.6,23
2019-08-17 07:35:42+00:00,cycling,152,85,7.591,266.4,10636.2,23
2019-08-17 07:35:43+00:00,cycling,151,84,7.962,266.4,10644.2,23
2019-08-17 07:35:44+00:00,cycling,150,81,7.93,266.4,10652.1,23
2019-08-17 07:35:45+00:00,cycling,151,85,8.09,266.4,10660.2,22
2019-08-17 07:35:46+00:00,cycling,151,89,7.984,266.4,10668.2,23
2019-08-17 07:35:47+00:00,cycling,152,86,8.123,266.4,10676.3,22
2019-08-17 07:35:48+00:00,cycling,153,83,8.158,266.3,10684.4,23
2019-08-17 07:35:49+00:00,cycling,150,84,8.406,266.3,10692.8,23
2019-08-17 07:35:50+00:00,cycling,151,81,8.198,266.3,10701.0,23
2019-08-17 07:35:51+00:00,cycling,151,78,7.764,266.3,10708.8,22
2019-08-17 07:35:52+00:00,cycling,152,72,7.84,266.3,10716.6,23
2019-08-17 07:35:53+00:00,cycling,151,76,8.113,266.2,10724.8,23
2019-08-17 07:35:54+00:00,cycling,154,78,7.389,266.2,10732.2,23
2019-08-17 07:35:55+00:00,cycling,149,84,8.448,266.1,10740.6,23
2019-08-17 07:35:56+00:00,cycling,150,86,7.922,266.1,10748.5,22
2019-08-17 07:35:57+00:00,cycling,151,79,8.696,266.1,10757.2,23
2019-08-17 07:35:58+00:00,cycling,153,85,7.877,266.0,10765.1,23
2019-08-17 07:35:59+00:00,cycling,153,77,8.402,266.0,10773.5,23
2019-08-17 07:36:00+00:00,cycling,154,85,8.513,266.0,10782.0,23
2019-08-17 07:36:01+00:00,cycling,150,89,8.597,265.9,10790.6,23
2019-08-17 07:36:02+00:00,cycling,153,84,7.959,265.9,10798.6,23
2019-08-17 07:36:03+00:00,cycling,148,78,8.263,265.9,10806.8,22
2019-08-17 07:36:04+00:00,cycling,153,79,8.515,265.9,10815.3,23
2019-08-17 07:36:05+00:00,cycling,154,80,7.906,265.8,10823.2,23
2019-08-17 07:36:06+00:00,cycling,154,86,8.444,265.8,10831.7,23
2019-08-17 07:36:07+00:00,cycling,153,82,8.131,265.8,10839.8,23
2019-08-17 07:36:08+00:00,cycling,150,83,8.075,265.7,10847.9,23
2019-08-17 07:36:09+00:00,cycling,151,84,8.191,265.7,10856.1,22
2019-08-17 07:36:10+00:00,cycling,150,84,8.049,265.7,10864.1,23
2019-08-17 07:36:11+00:00,cycling,150,84,8.373,265.7,10872.5,23
2019-08-17 07:36:12+00:00,cycling,150,94,8.086,265.7,10880.6,22
2019-08-17 07:36:13+00:00,cycling,154,88,8.176,265.6,10888.8,22
2019-08-17 07:36:14+00:00,cycling,153,84,8.045,265.6,10896.8,22
2019-08-17 07:36:15+00:00,cycling,149,82,8.247,265.6,10905.1,23
2019-08-17 07:36:16+00:00,cycling,152,82,8.44,265.6,10913.5,23
2019-08-17 07:36:17+00:00,cycling,152,83,8.354,265.6,10921.9,23
2019-08-17 07:36:18+00:00,cycling,154,73,8.885,265.5,10930.7,23
2019-08-17 07:36:19+00:00,cycling,151,87,8.714,265.5,10939.5,22
2019-08-17 07:36:20+00:00,cycling,153,76,8.57,265.5,10948.0,23
2019-08-17 07:36:21+00:00,cycling,151,82,8.324,265.5,10956.4,23
2019-08-17 07:36:22+00:00,cycling,153,79,8.766,265.5,10965.1,23
2019-08-17 07:36:23+00:00,cycling,152,92,8.728,265.4,10973.8,23
2019-08-17 07:36:24+00:00,cycling,150,93,8.593,265.5,10982.4,23
2019-08-17 07:36:25+00:00,cycling,151,90,9.084,265.5,10991.5,22
2019-08-17 07:36:26+00:00,cycling,153,82,8.244,265.4,10999.8,23
2019-08-17 07:36:27+00:00,cycling,151,84,8.145,265.4,11007.9,23
2019-08-17 07:36:28+00:00,cycling,152,91,8.934,265.4,11016.8,23
2019-08-17 07:36:29+00:00,cycling,154,83,8.781,265.4,11025.6,23
2019-08-17 07:36:30+00:00,cycling,153,93,8.918,265.4,11034.5,23
2019-08-17 07:36:31+00:00,cycling,153,83,8.849,265.4,11043.4,23
2019-08-17 07:36:32+00:00,cycling,151,81,7.948,265.4,11051.3,23
2019-08-17 07:36:33+00:00,cycling,153,83,7.933,265.4,11059.3,23
2019-08-17 07:36:34+00:00,cycling,154,86,8.51,265.4,11067.8,22
2019-08-17 07:36:35+00:00,cycling,155,86,8.681,265.4,11076.5,23
2019-08-17 07:36:36+00:00,cycling,155,86,8.722,265.4,11085.2,23
2019-08-17 07:36:37+00:00,cycling,152,82,8.094,265.4,11093.3,23
2019-08-17 07:36:38+00:00,cycling,154,84,8.995,265.4,11102.3,22
2019-08-17 07:36:39+00:00,cycling,152,87,8.63,265.4,11110.9,23
2019-08-17 07:36:40+00:00,cycling,150,81,8.435,265.4,11119.3,22
2019-08-17 07:36:41+00:00,cycling,154,90,8.762,265.4,11128.1,23
2019-08-17 07:36:42+00:00,cycling,153,97,8.544,265.4,11136.6,22
2019-08-17 07:36:43+00:00,cycling,153,85,8.452,265.4,11145.1,23
2019-08-17 07:36:44+00:00,cycling,153,84,8.371,265.4,11153.5,23
2019-08-17 07:36:45+00:00,cycling,154,84,8.83,265.4,11162.3,23
2019-08-17 07:36:46+00:00,cycling,150,86,8.886,265.4,11171.2,23
2019-08-17 07:36:47+00:00,cycling,150,91,8.86,265.4,11180.0,23
2019-08-17 07:36:48+00:00,cycling,153,88,9.022,265.4,11189.1,22
2019-08-17 07:36:49+00:00,cycling,154,87,8.791,265.4,11197.9,23
2019-08-17 07:36:50+00:00,cycling,148,82,8.232,265.4,11206.1,23
2019-08-17 07:36:51+00:00,cycling,152,85,8.868,265.3,11215.0,23
2019-08-17 07:36:52+00:00,cycling,151,81,8.506,265.4,11223.5,23
2019-08-17 07:36:53+00:00,cycling,152,84,8.95,265.4,11232.4,22
2019-08-17 07:36:54+00:00,cycling,154,86,8.594,265.4,11241.0,22
2019-08-17 07:36:55+00:00,cycling,151,95,8.724,265.4,11249.7,23
2019-08-17 07:36:56+00:00,cycling,153,89,8.768,265.4,11258.5,22
2019-08-17 07:36:57+00:00,cycling,153,80,8.513,265.4,11267.0,22
2019-08-17 07:36:58+00:00,cycling,151,85,8.72,265.4,11275.7,22
2019-08-17 07:36:59+00:00,cycling,152,95,8.93,265.4,11284.7,23
2019-08-17 07:37:00+00:00,cycling,151,87,8.771,265.4,11293.4,23
2019-08-17 07:37:01+00:00,cycling,151,95,8.872,265.4,11302.3,23
2019-08-17 07:37:02+00:00,cycling,153,88,8.97,265.4,11311.3,23
2019-08-17 07:37:03+00:00,cycling,152,84,8.724,265.4,11320.0,23
2019-08-17 07:37:04+00:00,cycling,150,90,9.037,265.4,11329.0,23
2019-08-17 07:37:05+00:00,cycling,154,85,8.805,265.5,11337.8,23
2019-08-17 07:37:06+00:00,cycling,154,92,9.261,265.5,11347.1,23
2019-08-17 07:37:07+00:00,cycling,154,86,9.185,265.5,11356.3,23
2019-08-17 07:37:08+00:00,cycling,153,80,9.214,265.5,11365.5,23
2019-08-17 07:37:09+00:00,cycling,153,90,9.241,265.5,11374.7,23
2019-08-17 07:37:10+00:00,cycling,154,89,9.094,265.5,11383.8,23
2019-08-17 07:37:11+00:00,cycling,154,91,9.36,265.5,11393.2,23
2019-08-17 07:37:12+00:00,cycling,149,87,9.046,265.5,11402.2,22
2019-08-17 07:37:13+00:00,cycling,151,87,9.06,265.6,11411.3,23
2019-08-17 07:37:14+00:00,cycling,154,89,8.955,265.5,11420.3,22
2019-08-17 07:37:15+00:00,cycling,152,82,9.242,265.5,11429.5,22
2019-08-17 07:37:16+00:00,cycling,152,84,8.811,265.5,11438.3,23
2019-08-17 07:37:17+00:00,cycling,153,84,9.094,265.5,11447.4,23
2019-08-17 07:37:18+00:00,cycling,156,86,9.099,265.6,11456.5,23
2019-08-17 07:37:19+00:00,cycling,153,91,9.191,265.6,11465.7,23
2019-08-17 07:37:20+00:00,cycling,152,92,8.909,265.6,11474.6,23
2019-08-17 07:37:21+00:00,cycling,151,95,9.173,265.6,11483.8,23
2019-08-17 07:37:22+00:00,cycling,153,86,9.151,265.6,11492.9,23
2019-08-17 07:37:23+00:00,cycling,152,87,9.097,265.6,11502.0,22
2019-08-17 07:37:24+00:00,cycling,151,87,9.158,265.6,11511.2,23
2019-08-17 07:37:25+00:00,cycling,154,85,8.803,265.6,11520.0,23
2019-08-17 07:37:26+00:00,cycling,151,96,9.391,265.6,11529.4,23
2019-08-17 07:37:27+00:00,cycling,152,93,9.454,265.6,11538.8,22
2019-08-17 07:37:28+00:00,cycling,151,85,9.38,265.6,11548.2,23
2019-08-17 07:37:29+00:00,cycling,153,95,9.801,265.7,11558.0,23
2019-08-17 07:37:30+00:00,cycling,154,86,9.316,265.7,11567.3,23
2019-08-17 07:37:31+00:00,cycling,154,103,9.508,265.7,11576.8,23
2019-08-17 07:37:32+00:00,cycling,156,93,9.308,265.7,11586.1,22
2019-08-17 07:37:33+00:00,cycling,152,92,9.119,265.8,11595.3,23
2019-08-17 07:37:34+00:00,cycling,153,84,9.084,265.7,11604.3,23
2019-08-17 07:37:35+00:00,cycling,151,88,8.711,265.8,11613.1,23
2019-08-17 07:37:36+00:00,cycling,151,87,8.722,265.8,11621.8,22
2019-08-17 07:37:37+00:00,cycling,152,94,9.523,265.8,11631.3,23
2019-08-17 07:37:38+00:00,cycling,154,84,8.795,265.8,11640.1,23
2019-08-17 07:37:39+00:00,cycling,152,90,9.192,265.9,11649.3,23
2019-08-17 07:37:40+00:00,cycling,152,95,8.958,265.9,11658.2,22
2019-08-17 07:37:41+00:00,cycling,149,89,9.525,265.9,11667.8,23
2019-08-17 07:37:42+00:00,cycling,153,89,9.135,265.9,11676.9,23
2019-08-17 07:37:43+00:00,cycling,154,96,9.222,265.9,11686.1,22
2019-08-17 07:37:44+00:00,cycling,151,95,9.177,265.9,11695.3,22
2019-08-17 07:37:45+00:00,cycling,152,88,9.161,266.0,11704.5,23
2019-08-17 07:37:46+00:00,cycling,156,88,9.269,266.0,11713.7,23
2019-08-17 07:37:47+00:00,cycling,153,90,8.888,266.1,11722.6,23
2019-08-17 07:37:48+00:00,cycling,153,84,9.478,266.1,11732.1,23
2019-08-17 07:37:49+00:00,cycling,152,90,9.517,266.1,11741.6,22
2019-08-17 07:37:50+00:00,cycling,155,82,9.007,266.1,11750.6,23
2019-08-17 07:37:51+00:00,cycling,151,92,9.566,266.1,11760.2,23
2019-08-17 07:37:52+00:00,cycling,155,87,8.899,266.2,11769.1,22
2019-08-17 07:37:53+00:00,cycling,152,83,8.832,266.2,11777.9,23
2019-08-17 07:37:54+00:00,cycling,154,88,9.386,266.2,11787.3,23
2019-08-17 07:37:55+00:00,cycling,152,87,9.471,266.2,11796.8,23
2019-08-17 07:37:56+00:00,cycling,152,93,9.353,266.3,11806.1,23
2019-08-17 07:37:57+00:00,cycling,154,84,9.321,266.3,11815.5,23
2019-08-17 07:37:58+00:00,cycling,152,93,8.782,266.3,11824.2,23
2019-08-17 07:37:59+00:00,cycling,153,87,9.054,266.4,11833.3,23
2019-08-17 07:38:00+00:00,cycling,155,79,9.353,266.4,11842.6,23
2019-08-17 07:38:01+00:00,cycling,153,90,8.81,266.5,11851.5,23
2019-08-17 07:38:02+00:00,cycling,155,80,8.871,266.5,11860.3,22
2019-08-17 07:38:03+00:00,cycling,154,89,9.135,266.5,11869.5,23
2019-08-17 07:38:04+00:00,cycling,152,85,8.911,266.5,11878.4,23
2019-08-17 07:38:05+00:00,cycling,156,78,8.567,266.6,11886.9,23
2019-08-17 07:38:06+00:00,cycling,156,88,9.09,266.7,11896.0,23
2019-08-17 07:38:07+00:00,cycling,150,82,8.862,266.7,11904.9,23
2019-08-17 07:38:08+00:00,cycling,154,83,8.915,266.8,11913.8,23
2019-08-17 07:38:09+00:00,cycling,154,85,9.224,266.7,11923.0,22
2019-08-17 07:38:10+00:00,cycling,153,82,8.669,266.8,11931.7,23
2019-08-17 07:38:11+00:00,cycling,152,85,8.943,266.9,11940.6,23
2019-08-17 07:38:12+00:00,cycling,152,87,8.617,266.9,11949.3,22
2019-08-17 07:38:13+00:00,cycling,154,88,8.866,266.9,11958.1,23
2019-08-17 07:38:14+00:00,cycling,152,84,8.878,266.9,11967.0,22
2019-08-17 07:38:15+00:00,cycling,153,85,9.096,266.9,11976.1,23
2019-08-17 07:38:16+00:00,cycling,153,87,8.934,266.9,11985.0,23
2019-08-17 07:38:17+00:00,cycling,150,91,9.112,266.9,11994.1,23
2019-08-17 07:38:18+00:00,cycling,152,78,8.846,267.0,12003.0,23
2019-08-17 07:38:19+00:00,cycling,154,88,8.828,267.0,12011.8,23
2019-08-17 07:38:20+00:00,cycling,154,89,9.059,267.0,12020.9,23
2019-08-17 07:38:21+00:00,cycling,154,80,8.68,267.1,12029.6,23
2019-08-17 07:38:22+00:00,cycling,151,91,8.975,267.1,12038.5,22
2019-08-17 07:38:23+00:00,cycling,153,84,8.795,267.2,12047.3,23
2019-08-17 07:38:24+00:00,cycling,152,87,8.893,267.2,12056.2,23
2019-08-17 07:38:25+00:00,cycling,153,82,9.002,267.2,12065.2,23
2019-08-17 07:38:26+00:00,cycling,154,83,8.71,267.3,12073.9,23
2019-08-17 07:38:27+00:00,cycling,154,85,9.003,267.3,12082.9,22
2019-08-17 07:38:28+00:00,cycling,152,86,8.681,267.3,12091.6,23
2019-08-17 07:38:29+00:00,cycling,152,87,8.736,267.4,12100.4,23
2019-08-17 07:38:30+00:00,cycling,154,79,8.236,267.4,12108.6,23
2019-08-17 07:38:31+00:00,cycling,153,85,8.77,267.4,12117.4,23
2019-08-17 07:38:32+00:00,cycling,151,83,8.946,267.5,12126.3,23
2019-08-17 07:38:33+00:00,cycling,154,81,8.564,267.5,12134.9,22
2019-08-17 07:38:34+00:00,cycling,152,80,8.496,267.6,12143.4,23
2019-08-17 07:38:35+00:00,cycling,152,82,8.166,267.6,12151.5,23
2019-08-17 07:38:36+00:00,cycling,153,80,8.472,267.6,12160.0,23
2019-08-17 07:38:37+00:00,cycling,153,84,8.453,267.7,12168.5,23
2019-08-17 07:38:38+00:00,cycling,152,78,8.172,267.7,12176.6,23
2019-08-17 07:38:39+00:00,cycling,152,80,8.143,267.7,12184.8,23
2019-08-17 07:38:40+00:00,cycling,153,88,8.854,267.8,12193.6,23
2019-08-17 07:38:41+00:00,cycling,152,85,8.405,267.8,12202.0,23
2019-08-17 07:38:42+00:00,cycling,154,77,8.061,267.8,12210.1,22
2019-08-17 07:38:43+00:00,cycling,151,86,8.507,267.9,12218.6,23
2019-08-17 07:38:44+00:00,cycling,151,84,8.443,267.9,12227.0,23
2019-08-17 07:38:45+00:00,cycling,157,82,8.025,267.9,12235.1,23
2019-08-17 07:38:46+00:00,cycling,154,78,8.603,268.0,12243.7,22
2019-08-17 07:38:47+00:00,cycling,152,89,8.793,268.0,12252.5,23
2019-08-17 07:38:48+00:00,cycling,152,81,8.067,268.0,12260.5,23
2019-08-17 07:38:49+00:00,cycling,155,87,8.54,268.1,12269.1,23
2019-08-17 07:38:50+00:00,cycling,154,83,8.41,268.1,12277.5,23
2019-08-17 07:38:51+00:00,cycling,153,85,8.096,268.2,12285.6,23
2019-08-17 07:38:52+00:00,cycling,154,83,8.288,268.2,12293.9,23
2019-08-17 07:38:53+00:00,cycling,151,73,8.372,268.3,12302.2,23
2019-08-17 07:38:54+00:00,cycling,152,76,8.093,268.3,12310.3,23
2019-08-17 07:38:55+00:00,cycling,154,81,8.125,268.3,12318.5,23
2019-08-17 07:38:56+00:00,cycling,152,85,8.286,268.4,12326.7,23
2019-08-17 07:38:57+00:00,cycling,153,78,8.213,268.4,12335.0,23
2019-08-17 07:38:58+00:00,cycling,154,91,8.229,268.5,12343.2,23
2019-08-17 07:38:59+00:00,cycling,154,79,8.291,268.5,12351.5,23
2019-08-17 07:39:00+00:00,cycling,149,82,8.17,268.6,12359.6,22
2019-08-17 07:39:01+00:00,cycling,153,84,8.159,268.6,12367.8,23
2019-08-17 07:39:02+00:00,cycling,154,82,8.022,268.6,12375.8,23
2019-08-17 07:39:03+00:00,cycling,153,73,7.989,268.6,12383.8,23
2019-08-17 07:39:04+00:00,cycling,155,75,7.609,268.7,12391.4,23
2019-08-17 07:39:05+00:00,cycling,152,78,7.803,268.7,12399.2,23
2019-08-17 07:39:06+00:00,cycling,157,82,7.731,268.7,12407.0,23
2019-08-17 07:39:07+00:00,cycling,152,81,7.88,268.8,12414.8,23
2019-08-17 07:39:08+00:00,cycling,155,74,7.627,268.8,12422.5,23
2019-08-17 07:39:09+00:00,cycling,152,77,8.072,268.9,12430.5,23
2019-08-17 07:39:10+00:00,cycling,153,71,7.515,268.9,12438.1,22
2019-08-17 07:39:11+00:00,cycling,153,84,8.307,268.9,12446.4,23
2019-08-17 07:39:12+00:00,cycling,154,76,7.486,269.0,12453.8,23
2019-08-17 07:39:13+00:00,cycling,154,82,7.717,269.0,12461.6,23
2019-08-17 07:39:14+00:00,cycling,154,77,7.25,269.1,12468.8,22
2019-08-17 07:39:15+00:00,cycling,154,76,7.591,269.1,12476.4,23
2019-08-17 07:39:16+00:00,cycling,152,78,7.904,269.1,12484.3,23
2019-08-17 07:39:17+00:00,cycling,152,80,7.488,269.2,12491.8,23
2019-08-17 07:39:18+00:00,cycling,153,79,7.339,269.2,12499.1,23
2019-08-17 07:39:19+00:00,cycling,155,89,8.114,269.3,12507.2,23
2019-08-17 07:39:20+00:00,cycling,152,73,7.89,269.3,12515.1,23
2019-08-17 07:39:21+00:00,cycling,153,74,7.383,269.3,12522.5,23
2019-08-17 07:39:22+00:00,cycling,154,76,7.769,269.3,12530.3,23
2019-08-17 07:39:23+00:00,cycling,152,82,7.63,269.4,12537.9,23
2019-08-17 07:39:24+00:00,cycling,153,75,6.909,269.4,12544.8,23
2019-08-17 07:39:25+00:00,cycling,151,83,7.491,269.4,12552.3,23
2019-08-17 07:39:26+00:00,cycling,154,78,7.335,269.5,12559.7,22
2019-08-17 07:39:27+00:00,cycling,154,80,7.516,269.5,12567.2,23
2019-08-17 07:39:28+00:00,cycling,150,69,7.216,269.5,12574.4,23
2019-08-17 07:39:29+00:00,cycling,154,83,7.644,269.5,12582.0,23
2019-08-17 07:39:30+00:00,cycling,152,67,7.019,269.6,12589.0,22
2019-08-17 07:39:31+00:00,cycling,157,76,7.674,269.6,12596.7,23
2019-08-17 07:39:32+00:00,cycling,151,74,7.358,269.7,12604.1,23
2019-08-17 07:39:33+00:00,cycling,150,80,7.346,269.7,12611.4,23
2019-08-17 07:39:34+00:00,cycling,155,76,7.102,269.8,12618.5,23
2019-08-17 07:39:35+00:00,cycling,152,72,6.903,269.8,12625.4,23
2019-08-17 07:39:36+00:00,cycling,154,81,7.338,269.9,12632.8,23
2019-08-17 07:39:37+00:00,cycling,153,76,7.4,269.9,12640.2,22
2019-08-17 07:39:38+00:00,cycling,152,79,6.975,269.9,12647.1,23
2019-08-17 07:39:39+00:00,cycling,155,85,7.551,269.9,12654.7,23
2019-08-17 07:39:40+00:00,cycling,154,78,7.245,270.0,12661.9,23
2019-08-17 07:39:41+00:00,cycling,154,77,7.251,270.0,12669.2,23
2019-08-17 07:39:42+00:00,cycling,151,78,7.07,270.0,12676.3,23
2019-08-17 07:39:43+00:00,cycling,150,84,7.155,270.1,12683.4,23
2019-08-17 07:39:44+00:00,cycling,152,77,7.138,270.1,12690.6,23
2019-08-17 07:39:45+00:00,cycling,153,73,6.93,270.2,12697.5,23
2019-08-17 07:39:46+00:00,cycling,152,75,7.198,270.2,12704.7,23
2019-08-17 07:39:47+00:00,cycling,152,74,7.23,270.2,12711.9,23
2019-08-17 07:39:48+00:00,cycling,151,72,6.746,270.2,12718.7,22
2019-08-17 07:39:49+00:00,cycling,155,74,7.08,270.3,12725.7,23
2019-08-17 07:39:50+00:00,cycling,152,76,7.35,270.3,12733.1,23
2019-08-17 07:39:51+00:00,cycling,150,77,6.51,270.3,12739.6,23
2019-08-17 07:39:52+00:00,cycling,152,68,6.886,270.4,12746.5,23
2019-08-17 07:39:53+00:00,cycling,152,70,6.801,270.4,12753.3,22
2019-08-17 07:39:54+00:00,cycling,155,70,6.956,270.4,12760.2,22
2019-08-17 07:39:55+00:00,cycling,154,73,7.089,270.4,12767.3,23
2019-08-17 07:39:56+00:00,cycling,154,71,6.779,270.4,12774.1,23
2019-08-17 07:39:57+00:00,cycling,155,78,7.033,270.5,12781.1,23
2019-08-17 07:39:58+00:00,cycling,151,68,7.133,270.5,12788.3,23
2019-08-17 07:39:59+00:00,cycling,154,71,6.749,270.5,12795.0,23
2019-08-17 07:40:00+00:00,cycling,154,75,7.296,270.6,12802.3,24
2019-08-17 07:40:01+00:00,cycling,151,75,6.369,270.6,12808.7,23
2019-08-17 07:40:02+00:00,cycling,154,71,6.926,270.6,12815.6,23
2019-08-17 07:40:03+00:00,cycling,152,76,6.896,270.6,12822.5,24
2019-08-17 07:40:04+00:00,cycling,151,69,6.897,270.6,12829.4,23
2019-08-17 07:40:05+00:00,cycling,152,72,6.72,270.7,12836.1,23
2019-08-17 07:40:06+00:00,cycling,151,80,6.942,270.7,12843.1,23
2019-08-17 07:40:07+00:00,cycling,150,68,6.967,270.8,12850.0,23
2019-08-17 07:40:08+00:00,cycling,151,72,6.645,270.8,12856.7,23
2019-08-17 07:40:09+00:00,cycling,152,74,6.589,270.8,12863.3,23
2019-08-17 07:40:10+00:00,cycling,152,68,6.775,270.9,12870.0,22
2019-08-17 07:40:11+00:00,cycling,150,74,6.993,270.9,12877.0,23
2019-08-17 07:40:12+00:00,cycling,153,73,6.538,270.9,12883.6,22
2019-08-17 07:40:13+00:00,cycling,153,74,7.03,270.9,12890.6,23
2019-08-17 07:40:14+00:00,cycling,150,82,6.915,270.9,12897.5,23
2019-08-17 07:40:15+00:00,cycling,150,65,6.305,270.9,12903.8,23
2019-08-17 07:40:16+00:00,cycling,153,76,6.507,271.0,12910.3,23
2019-08-17 07:40:17+00:00,cycling,149,65,6.001,271.0,12916.3,23
2019-08-17 07:40:18+00:00,cycling,153,70,6.545,271.0,12922.9,23
2019-08-17 07:40:19+00:00,cycling,152,59,6.323,271.0,12929.2,23
2019-08-17 07:40:20+00:00,cycling,154,77,6.785,271.0,12936.0,23
2019-08-17 07:40:21+00:00,cycling,152,64,6.346,271.0,12942.3,22
2019-08-17 07:40:22+00:00,cycling,152,61,6.819,271.1,12949.2,23
2019-08-17 07:40:23+00:00,cycling,152,64,6.379,271.1,12955.5,23
2019-08-17 07:40:24+00:00,cycling,152,73,7.226,271.2,12962.8,23
2019-08-17 07:40:25+00:00,cycling,151,78,6.75,271.2,12969.5,22
2019-08-17 07:40:26+00:00,cycling,154,74,7.007,271.2,12976.5,23
2019-08-17 07:40:27+00:00,cycling,153,81,6.607,271.2,12983.1,22
2019-08-17 07:40:28+00:00,cycling,149,68,6.437,271.2,12989.6,23
2019-08-17 07:40:29+00:00,cycling,152,81,6.535,271.2,12996.1,23
2019-08-17 07:40:30+00:00,cycling,151,76,6.559,271.3,13002.7,23
2019-08-17 07:40:31+00:00,cycling,155,70,6.123,271.3,13008.8,23
2019-08-17 07:40:32+00:00,cycling,152,74,6.559,271.4,13015.3,23
2019-08-17 07:40:33+00:00,cycling,150,67,6.542,271.4,13021.9,24
2019-08-17 07:40:34+00:00,cycling,152,68,6.499,271.4,13028.4,23
2019-08-17 07:40:35+00:00,cycling,152,73,6.762,271.4,13035.1,22
2019-08-17 07:40:36+00:00,cycling,152,74,6.65,271.5,13041.8,23
2019-08-17 07:40:37+00:00,cycling,152,69,6.645,271.5,13048.4,23
2019-08-17 07:40:38+00:00,cycling,154,68,6.591,271.5,13055.0,23
2019-08-17 07:40:39+00:00,cycling,153,75,6.554,271.5,13061.6,23
2019-08-17 07:40:40+00:00,cycling,153,78,6.713,271.5,13068.3,23
2019-08-17 07:40:41+00:00,cycling,154,71,6.569,271.5,13074.9,23
2019-08-17 07:40:42+00:00,cycling,152,75,7.051,271.6,13081.9,23
2019-08-17 07:40:43+00:00,cycling,150,78,6.59,271.6,13088.5,23
2019-08-17 07:40:44+00:00,cycling,154,73,6.654,271.6,13095.2,23
2019-08-17 07:40:45+00:00,cycling,152,76,6.933,271.6,13102.1,23
2019-08-17 07:40:46+00:00,cycling,151,83,6.575,271.6,13108.7,23
2019-08-17 07:40:47+00:00,cycling,151,72,6.43,271.7,13115.1,23
2019-08-17 07:40:48+00:00,cycling,153,75,6.748,271.7,13121.8,23
2019-08-17 07:40:49+00:00,cycling,155,63,6.837,271.7,13128.7,23
2019-08-17 07:40:50+00:00,cycling,152,75,6.413,271.8,13135.1,23
2019-08-17 07:40:51+00:00,cycling,151,78,6.39,271.8,13141.5,23
2019-08-17 07:40:52+00:00,cycling,155,78,6.828,271.8,13148.3,23
2019-08-17 07:40:53+00:00,cycling,151,72,6.674,271.9,13155.0,23
2019-08-17 07:40:54+00:00,cycling,151,69,6.501,271.9,13161.5,24
2019-08-17 07:40:55+00:00,cycling,150,68,6.516,271.9,13168.0,23
2019-08-17 07:40:56+00:00,cycling,153,78,6.852,271.9,13174.8,23
2019-08-17 07:40:57+00:00,cycling,150,83,6.833,271.9,13181.7,23
2019-08-17 07:40:58+00:00,cycling,150,71,6.628,271.9,13188.3,23
2019-08-17 07:40:59+00:00,cycling,150,73,6.54,271.9,13194.8,22
2019-08-17 07:41:00+00:00,cycling,152,69,6.739,272.0,13201.6,23
2019-08-17 07:41:01+00:00,cycling,152,75,6.833,272.0,13208.4,23
2019-08-17 07:41:02+00:00,cycling,151,79,6.556,272.0,13215.0,23
2019-08-17 07:41:03+00:00,cycling,153,76,6.95,272.0,13221.9,23
2019-08-17 07:41:04+00:00,cycling,154,76,6.981,272.0,13228.9,23
2019-08-17 07:41:05+00:00,cycling,154,74,6.707,272.0,13235.6,23
2019-08-17 07:41:06+00:00,cycling,153,73,6.79,272.0,13242.4,23
2019-08-17 07:41:07+00:00,cycling,151,75,6.763,272.0,13249.2,24
2019-08-17 07:41:08+00:00,cycling,151,82,6.952,272.0,13256.1,23
2019-08-17 07:41:09+00:00,cycling,153,82,6.409,272.0,13262.5,22
2019-08-17 07:41:10+00:00,cycling,153,68,6.468,272.1,13269.0,23
2019-08-17 07:41:11+00:00,cycling,150,71,6.899,272.1,13275.9,23
2019-08-17 07:41:12+00:00,cycling,151,74,6.943,272.1,13282.8,23
2019-08-17 07:41:13+00:00,cycling,149,78,6.214,272.1,13289.1,23
2019-08-17 07:41:14+00:00,cycling,152,70,7.084,272.1,13296.1,23
2019-08-17 07:41:15+00:00,cycling,151,71,6.981,272.1,13303.1,23
2019-08-17 07:41:16+00:00,cycling,149,76,7.064,272.1,13310.2,23
2019-08-17 07:41:17+00:00,cycling,152,71,6.638,272.1,13316.8,23
2019-08-17 07:41:18+00:00,cycling,153,75,6.736,272.1,13323.6,23
2019-08-17 07:41:19+00:00,cycling,155,81,7.064,272.1,13330.6,23
2019-08-17 07:41:20+00:00,cycling,154,74,6.626,272.1,13337.2,23
2019-08-17 07:41:21+00:00,cycling,153,73,7.175,272.1,13344.4,22
2019-08-17 07:41:22+00:00,cycling,152,76,6.879,272.1,13351.3,23
2019-08-17 07:41:23+00:00,cycling,152,80,7.122,272.1,13358.4,23
2019-08-17 07:41:24+00:00,cycling,149,74,6.808,272.1,13365.2,23
2019-08-17 07:41:25+00:00,cycling,150,73,6.666,272.2,13371.9,23
2019-08-17 07:41:26+00:00,cycling,151,74,6.605,272.2,13378.5,23
2019-08-17 07:41:27+00:00,cycling,150,75,6.756,272.2,13385.3,22
2019-08-17 07:41:28+00:00,cycling,153,72,7.31,272.1,13392.6,23
2019-08-17 07:41:29+00:00,cycling,149,77,7.023,272.2,13399.6,23
2019-08-17 07:41:30+00:00,cycling,153,80,7.131,272.2,13406.7,23
2019-08-17 07:41:31+00:00,cycling,150,80,7.04,272.1,13413.8,23
2019-08-17 07:41:32+00:00,cycling,152,72,6.563,272.1,13420.3,23
2019-08-17 07:41:33+00:00,cycling,152,74,6.9,272.1,13427.2,23
2019-08-17 07:41:34+00:00,cycling,152,79,7.251,272.1,13434.5,23
2019-08-17 07:41:35+00:00,cycling,151,82,7.836,272.1,13442.3,23
2019-08-17 07:41:36+00:00,cycling,152,80,7.452,272.1,13449.8,24
2019-08-17 07:41:37+00:00,cycling,151,72,7.147,272.1,13456.9,23
2019-08-17 07:41:38+00:00,cycling,152,82,7.395,272.2,13464.3,23
2019-08-17 07:41:39+00:00,cycling,152,73,6.935,272.1,13471.2,23
2019-08-17 07:41:40+00:00,cycling,151,77,7.133,272.1,13478.4,23
2019-08-17 07:41:41+00:00,cycling,151,78,6.742,272.1,13485.1,23
2019-08-17 07:41:42+00:00,cycling,154,75,7.133,272.1,13492.2,23
2019-08-17 07:41:43+00:00,cycling,151,84,7.387,272.1,13499.6,24
2019-08-17 07:41:44+00:00,cycling,150,63,6.618,272.0,13506.3,23
2019-08-17 07:41:45+00:00,cycling,150,72,7.183,272.0,13513.4,23
2019-08-17 07:41:46+00:00,cycling,152,70,7.049,272.0,13520.5,23
2019-08-17 07:41:47+00:00,cycling,152,73,7.369,272.0,13527.9,23
2019-08-17 07:41:48+00:00,cycling,150,77,7.755,272.0,13535.6,23
2019-08-17 07:41:49+00:00,cycling,150,68,6.766,271.9,13542.4,23
2019-08-17 07:41:50+00:00,cycling,150,63,6.583,271.9,13549.0,23
2019-08-17 07:41:51+00:00,cycling,150,77,7.332,271.8,13556.3,23
2019-08-17 07:41:52+00:00,cycling,149,75,6.684,271.8,13563.0,23
2019-08-17 07:41:53+00:00,cycling,150,73,7.127,271.8,13570.1,23
2019-08-17 07:41:54+00:00,cycling,150,82,7.232,271.8,13577.3,23
2019-08-17 07:41:55+00:00,cycling,150,75,7.217,271.8,13584.6,23
2019-08-17 07:41:56+00:00,cycling,148,73,6.838,271.8,13591.4,23
2019-08-17 07:41:57+00:00,cycling,151,70,7.193,271.7,13598.6,23
2019-08-17 07:41:58+00:00,cycling,153,80,7.465,271.7,13606.0,23
2019-08-17 07:41:59+00:00,cycling,153,77,7.456,271.6,13613.5,23
2019-08-17 07:42:00+00:00,cycling,152,77,7.068,271.6,13620.6,23
2019-08-17 07:42:01+00:00,cycling,153,79,7.098,271.6,13627.7,23
2019-08-17 07:42:02+00:00,cycling,154,81,7.65,271.6,13635.3,23
2019-08-17 07:42:03+00:00,cycling,154,79,7.321,271.6,13642.6,23
2019-08-17 07:42:04+00:00,cycling,150,73,7.163,271.6,13649.8,23
2019-08-17 07:42:05+00:00,cycling,149,79,7.337,271.5,13657.1,23
2019-08-17 07:42:06+00:00,cycling,152,77,7.249,271.5,13664.4,23
2019-08-17 07:42:07+00:00,cycling,153,80,7.626,271.5,13672.0,23
2019-08-17 07:42:08+00:00,cycling,151,80,7.637,271.5,13679.7,23
2019-08-17 07:42:09+00:00,cycling,154,78,7.286,271.4,13686.9,23
2019-08-17 07:42:10+00:00,cycling,151,83,7.412,271.4,13694.3,23
2019-08-17 07:42:11+00:00,cycling,154,74,7.821,271.3,13702.2,22
2019-08-17 07:42:12+00:00,cycling,148,77,7.301,271.3,13709.5,23
2019-08-17 07:42:13+00:00,cycling,151,81,7.167,271.3,13716.6,23
2019-08-17 07:42:14+00:00,cycling,151,81,7.632,271.3,13724.3,23
2019-08-17 07:42:15+00:00,cycling,153,77,7.548,271.2,13731.8,23
2019-08-17 07:42:16+00:00,cycling,152,78,7.53,271.2,13739.3,23
2019-08-17 07:42:17+00:00,cycling,152,71,7.577,271.2,13746.9,23
2019-08-17 07:42:18+00:00,cycling,152,77,7.425,271.1,13754.4,22
2019-08-17 07:42:19+00:00,cycling,151,84,7.548,271.1,13761.9,23
2019-08-17 07:42:20+00:00,cycling,153,71,7.169,271.1,13769.1,24
2019-08-17 07:42:21+00:00,cycling,154,78,7.33,271.1,13776.4,23
2019-08-17 07:42:22+00:00,cycling,148,73,7.334,271.1,13783.7,23
2019-08-17 07:42:23+00:00,cycling,152,74,7.156,271.0,13790.9,23
2019-08-17 07:42:24+00:00,cycling,150,76,7.555,271.0,13798.4,23
2019-08-17 07:42:25+00:00,cycling,152,73,7.279,270.9,13805.7,23
2019-08-17 07:42:26+00:00,cycling,150,76,7.347,270.9,13813.1,23
2019-08-17 07:42:27+00:00,cycling,149,82,7.993,270.9,13821.1,24
2019-08-17 07:42:28+00:00,cycling,149,73,7.354,270.9,13828.4,23
2019-08-17 07:42:29+00:00,cycling,149,77,7.237,270.8,13835.7,23
2019-08-17 07:42:30+00:00,cycling,151,78,7.52,270.8,13843.2,23
2019-08-17 07:42:31+00:00,cycling,148,80,7.434,270.8,13850.6,23
2019-08-17 07:42:32+00:00,cycling,149,71,7.419,270.7,13858.0,23
2019-08-17 07:42:33+00:00,cycling,151,73,7.669,270.7,13865.7,23
2019-08-17 07:42:34+00:00,cycling,150,87,7.637,270.8,13873.3,23
2019-08-17 07:42:35+00:00,cycling,150,75,7.507,270.7,13880.8,23
2019-08-17 07:42:36+00:00,cycling,152,76,7.494,270.6,13888.3,24
2019-08-17 07:42:37+00:00,cycling,149,77,7.726,270.6,13896.1,23
2019-08-17 07:42:38+00:00,cycling,152,82,7.342,270.6,13903.4,23
2019-08-17 07:42:39+00:00,cycling,151,72,7.716,270.5,13911.1,23
2019-08-17 07:42:40+00:00,cycling,150,73,7.165,270.5,13918.3,23
2019-08-17 07:42:41+00:00,cycling,151,76,7.57,270.5,13925.9,23
2019-08-17 07:42:42+00:00,cycling,149,77,7.253,270.5,13933.1,23
2019-08-17 07:42:43+00:00,cycling,152,74,7.453,270.4,13940.6,23
2019-08-17 07:42:44+00:00,cycling,151,81,7.27,270.3,13947.8,23
2019-08-17 07:42:45+00:00,cycling,151,77,7.388,270.3,13955.2,23
2019-08-17 07:42:46+00:00,cycling,149,76,7.147,270.2,13962.4,24
2019-08-17 07:42:47+00:00,cycling,149,71,7.427,270.2,13969.8,23
2019-08-17 07:42:48+00:00,cycling,152,78,7.654,270.1,13977.4,23
2019-08-17 07:42:49+00:00,cycling,149,71,7.082,270.1,13984.5,23
2019-08-17 07:42:50+00:00,cycling,150,73,7.317,270.0,13991.8,23
2019-08-17 07:42:51+00:00,cycling,151,66,7.565,270.0,13999.4,23
2019-08-17 07:42:52+00:00,cycling,150,76,7.599,269.9,14007.0,23
2019-08-17 07:42:53+00:00,cycling,152,66,7.04,269.9,14014.0,23
2019-08-17 07:42:54+00:00,cycling,152,82,7.342,269.8,14021.4,23
2019-08-17 07:42:55+00:00,cycling,151,79,7.506,269.8,14028.9,23
2019-08-17 07:42:56+00:00,cycling,151,81,7.472,269.7,14036.4,23
2019-08-17 07:42:57+00:00,cycling,151,71,7.507,269.7,14043.9,23
2019-08-17 07:42:58+00:00,cycling,149,81,7.277,269.6,14051.2,23
2019-08-17 07:42:59+00:00,cycling,151,82,7.402,269.6,14058.6,24
2019-08-17 07:43:00+00:00,cycling,150,77,7.475,269.5,14066.0,23
2019-08-17 07:43:01+00:00,cycling,152,78,7.444,269.5,14073.5,24
2019-08-17 07:43:02+00:00,cycling,150,71,6.984,269.4,14080.5,23
2019-08-17 07:43:03+00:00,cycling,149,75,7.414,269.4,14087.9,23
2019-08-17 07:43:04+00:00,cycling,153,86,7.761,269.3,14095.6,23
2019-08-17 07:43:05+00:00,cycling,152,74,7.296,269.2,14102.9,22
2019-08-17 07:43:06+00:00,cycling,149,86,7.881,269.2,14110.8,24
2019-08-17 07:43:07+00:00,cycling,150,74,7.326,269.1,14118.1,23
2019-08-17 07:43:08+00:00,cycling,151,83,7.546,269.1,14125.7,23
2019-08-17 07:43:09+00:00,cycling,151,77,7.047,269.0,14132.7,23
2019-08-17 07:43:10+00:00,cycling,150,84,7.179,269.0,14139.9,23
2019-08-17 07:43:11+00:00,cycling,150,80,7.713,268.9,14147.6,23
2019-08-17 07:43:12+00:00,cycling,149,77,7.076,268.9,14154.7,23
2019-08-17 07:43:13+00:00,cycling,150,66,7.315,268.9,14162.0,24
2019-08-17 07:43:14+00:00,cycling,146,69,7.118,268.8,14169.1,23
2019-08-17 07:43:15+00:00,cycling,150,78,7.153,268.7,14176.3,23
2019-08-17 07:43:16+00:00,cycling,149,77,6.704,268.7,14183.0,23
2019-08-17 07:43:17+00:00,cycling,151,69,6.978,268.6,14190.0,23
2019-08-17 07:43:18+00:00,cycling,148,73,7.3,268.6,14197.3,23
2019-08-17 07:43:19+00:00,cycling,148,79,7.064,268.6,14204.3,23
2019-08-17 07:43:20+00:00,cycling,152,78,7.642,268.5,14212.0,23
2019-08-17 07:43:21+00:00,cycling,147,77,7.076,268.4,14219.0,23
2019-08-17 07:43:22+00:00,cycling,152,72,7.331,268.3,14226.4,24
2019-08-17 07:43:23+00:00,cycling,150,77,7.03,268.3,14233.4,23
2019-08-17 07:43:24+00:00,cycling,147,65,7.033,268.2,14240.4,23
2019-08-17 07:43:25+00:00,cycling,150,76,6.913,268.2,14247.4,23
2019-08-17 07:43:26+00:00,cycling,151,71,6.417,268.1,14253.8,23
2019-08-17 07:43:27+00:00,cycling,150,78,7.118,268.0,14260.9,23
2019-08-17 07:43:28+00:00,cycling,149,69,6.555,268.0,14267.4,23
2019-08-17 07:43:29+00:00,cycling,151,73,6.631,267.9,14274.1,23
2019-08-17 07:43:30+00:00,cycling,150,77,6.689,267.8,14280.8,23
2019-08-17 07:43:31+00:00,cycling,148,70,6.788,267.8,14287.6,23
2019-08-17 07:43:32+00:00,cycling,149,78,7.117,267.7,14294.7,23
2019-08-17 07:43:33+00:00,cycling,150,84,7.171,267.6,14301.8,23
2019-08-17 07:43:34+00:00,cycling,150,75,6.214,267.5,14308.1,23
2019-08-17 07:43:35+00:00,cycling,148,68,6.807,267.4,14314.9,23
2019-08-17 07:43:36+00:00,cycling,150,70,6.727,267.3,14321.6,23
2019-08-17 07:43:37+00:00,cycling,151,68,6.721,267.2,14328.3,23
2019-08-17 07:43:38+00:00,cycling,149,79,6.973,267.2,14335.3,23
2019-08-17 07:43:39+00:00,cycling,148,72,6.819,267.1,14342.1,23
2019-08-17 07:43:40+00:00,cycling,150,75,6.877,267.0,14349.0,24
2019-08-17 07:43:41+00:00,cycling,148,72,6.679,266.9,14355.7,23
2019-08-17 07:43:42+00:00,cycling,148,69,6.7,266.8,14362.4,23
2019-08-17 07:43:43+00:00,cycling,148,75,6.692,266.7,14369.0,23
2019-08-17 07:43:44+00:00,cycling,148,74,6.603,266.6,14375.6,23
2019-08-17 07:43:45+00:00,cycling,152,79,6.691,266.6,14382.3,23
2019-08-17 07:43:46+00:00,cycling,148,70,6.721,266.5,14389.1,23
2019-08-17 07:43:47+00:00,cycling,151,67,6.521,266.4,14395.6,23
2019-08-17 07:43:48+00:00,cycling,151,77,6.682,266.4,14402.3,23
2019-08-17 07:43:49+00:00,cycling,150,70,6.57,266.3,14408.8,23
2019-08-17 07:43:50+00:00,cycling,151,73,6.497,266.2,14415.3,22
2019-08-17 07:43:51+00:00,cycling,147,71,6.385,266.1,14421.7,23
2019-08-17 07:43:52+00:00,cycling,151,78,6.808,266.0,14428.5,23
2019-08-17 07:43:53+00:00,cycling,148,69,6.372,266.0,14434.9,23
2019-08-17 07:43:54+00:00,cycling,151,69,6.174,265.9,14441.1,23
2019-08-17 07:43:55+00:00,cycling,149,70,6.549,265.8,14447.6,23
2019-08-17 07:43:56+00:00,cycling,152,74,7.054,265.7,14454.7,23
2019-08-17 07:43:57+00:00,cycling,147,74,6.463,265.6,14461.1,23
2019-08-17 07:43:58+00:00,cycling,150,71,6.749,265.6,14467.9,23
2019-08-17 07:43:59+00:00,cycling,151,72,6.222,265.5,14474.1,24
2019-08-17 07:44:00+00:00,cycling,148,73,6.144,265.4,14480.3,23
2019-08-17 07:44:01+00:00,cycling,150,65,6.37,265.3,14486.6,23
2019-08-17 07:44:02+00:00,cycling,148,79,6.717,265.2,14493.3,23
2019-08-17 07:44:03+00:00,cycling,149,69,6.233,265.2,14499.6,23
2019-08-17 07:44:04+00:00,cycling,146,64,6.262,265.1,14505.8,23
2019-08-17 07:44:05+00:00,cycling,149,74,6.498,265.0,14512.3,23
2019-08-17 07:44:06+00:00,cycling,150,67,6.084,264.9,14518.4,23
2019-08-17 07:44:07+00:00,cycling,146,72,6.208,264.8,14524.6,23
2019-08-17 07:44:08+00:00,cycling,147,66,5.944,264.7,14530.6,24
2019-08-17 07:44:09+00:00,cycling,150,71,6.082,264.6,14536.7,23
2019-08-17 07:44:10+00:00,cycling,149,72,6.552,264.5,14543.2,23
2019-08-17 07:44:11+00:00,cycling,148,70,6.207,264.4,14549.4,24
2019-08-17 07:44:12+00:00,cycling,152,69,5.843,264.3,14555.3,23
2019-08-17 07:44:13+00:00,cycling,151,80,5.986,264.3,14561.2,24
2019-08-17 07:44:14+00:00,cycling,148,78,6.264,264.2,14567.5,23
2019-08-17 07:44:15+00:00,cycling,150,65,5.765,264.1,14573.3,24
2019-08-17 07:44:16+00:00,cycling,145,72,5.853,264.0,14579.1,23
2019-08-17 07:44:17+00:00,cycling,149,73,6.195,263.9,14585.3,23
2019-08-17 07:44:18+00:00,cycling,149,71,5.833,263.8,14591.1,23
2019-08-17 07:44:19+00:00,cycling,151,60,5.881,263.7,14597.0,23
2019-08-17 07:44:20+00:00,cycling,147,68,6.11,263.7,14603.1,23
2019-08-17 07:44:21+00:00,cycling,149,80,6.157,263.6,14609.3,23
2019-08-17 07:44:22+00:00,cycling,147,67,6.121,263.5,14615.4,23
2019-08-17 07:44:23+00:00,cycling,150,64,5.839,263.4,14621.3,23
2019-08-17 07:44:24+00:00,cycling,150,77,5.834,263.3,14627.1,23
2019-08-17 07:44:25+00:00,cycling,150,60,5.443,263.2,14632.5,23
2019-08-17 07:44:26+00:00,cycling,147,70,6.287,263.1,14638.8,23
2019-08-17 07:44:27+00:00,cycling,145,62,5.877,262.9,14644.7,23
2019-08-17 07:44:28+00:00,cycling,147,71,6.085,262.8,14650.8,23
2019-08-17 07:44:29+00:00,cycling,149,77,6.644,262.7,14657.4,23
2019-08-17 07:44:30+00:00,cycling,148,69,5.567,262.6,14663.0,23
2019-08-17 07:44:31+00:00,cycling,150,73,6.041,262.5,14669.0,23
2019-08-17 07:44:32+00:00,cycling,149,67,5.901,262.4,14674.9,23
2019-08-17 07:44:33+00:00,cycling,148,73,5.955,262.3,14680.9,24
2019-08-17 07:44:34+00:00,cycling,151,67,5.9,262.2,14686.8,23
2019-08-17 07:44:35+00:00,cycling,148,69,5.618,262.2,14692.4,23
2019-08-17 07:44:36+00:00,cycling,151,74,5.876,262.0,14698.3,23
2019-08-17 07:44:37+00:00,cycling,148,70,5.891,261.9,14704.2,23
2019-08-17 07:44:38+00:00,cycling,150,63,5.764,261.8,14709.9,23
2019-08-17 07:44:39+00:00,cycling,148,64,5.685,261.7,14715.6,23
2019-08-17 07:44:40+00:00,cycling,151,64,5.814,261.6,14721.4,23
2019-08-17 07:44:41+00:00,cycling,151,75,5.702,261.5,14727.1,23
2019-08-17 07:44:42+00:00,cycling,149,70,5.755,261.4,14732.9,23
2019-08-17 07:44:43+00:00,cycling,149,68,5.54,261.3,14738.4,22
2019-08-17 07:44:44+00:00,cycling,147,66,5.834,261.2,14744.3,23
2019-08-17 07:44:45+00:00,cycling,148,72,5.624,261.1,14749.9,23
2019-08-17 07:44:46+00:00,cycling,148,70,5.845,261.0,14755.7,23
2019-08-17 07:44:47+00:00,cycling,149,70,5.898,260.9,14761.6,23
2019-08-17 07:44:48+00:00,cycling,149,74,6.038,260.8,14767.7,24
2019-08-17 07:44:49+00:00,cycling,147,66,5.873,260.7,14773.5,24
2019-08-17 07:44:50+00:00,cycling,148,62,5.967,260.6,14779.5,23
2019-08-17 07:44:51+00:00,cycling,146,68,6.39,260.5,14785.9,24
2019-08-17 07:44:52+00:00,cycling,150,70,5.559,260.3,14791.5,23
2019-08-17 07:44:53+00:00,cycling,148,67,5.659,260.2,14797.1,23
2019-08-17 07:44:54+00:00,cycling,151,65,5.547,260.0,14802.7,23
2019-08-17 07:44:55+00:00,cycling,148,67,5.425,259.9,14808.1,23
2019-08-17 07:44:56+00:00,cycling,150,69,5.652,259.8,14813.7,23
2019-08-17 07:44:57+00:00,cycling,148,71,5.715,259.7,14819.5,23
2019-08-17 07:44:58+00:00,cycling,147,69,5.456,259.6,14824.9,23
2019-08-17 07:44:59+00:00,cycling,148,65,5.713,259.5,14830.6,23
2019-08-17 07:45:00+00:00,cycling,148,64,5.535,259.4,14836.2,23
2019-08-17 07:45:01+00:00,cycling,147,71,6.365,259.3,14842.5,23
2019-08-17 07:45:02+00:00,cycling,148,61,5.343,259.2,14847.9,24
2019-08-17 07:45:03+00:00,cycling,147,70,5.517,259.1,14853.4,23
2019-08-17 07:45:04+00:00,cycling,147,71,5.479,259.0,14858.9,24
2019-08-17 07:45:05+00:00,cycling,148,69,5.41,258.9,14864.3,23
2019-08-17 07:45:06+00:00,cycling,151,68,5.238,258.8,14869.5,23
2019-08-17 07:45:07+00:00,cycling,148,56,5.409,258.7,14874.9,23
2019-08-17 07:45:08+00:00,cycling,151,64,5.378,258.5,14880.3,23
2019-08-17 07:45:09+00:00,cycling,150,61,4.958,258.4,14885.3,23
2019-08-17 07:45:10+00:00,cycling,146,63,4.872,258.3,14890.1,23
2019-08-17 07:45:11+00:00,cycling,146,71,5.457,258.2,14895.6,23
2019-08-17 07:45:12+00:00,cycling,146,64,5.87,258.1,14901.5,24
2019-08-17 07:45:13+00:00,cycling,145,70,5.678,258.0,14907.1,24
2019-08-17 07:45:14+00:00,cycling,148,66,5.476,257.8,14912.6,23
2019-08-17 07:45:15+00:00,cycling,149,71,5.777,257.7,14918.4,23
2019-08-17 07:45:16+00:00,cycling,149,73,5.702,257.6,14924.1,23
2019-08-17 07:45:17+00:00,cycling,149,68,5.46,257.4,14929.6,24
2019-08-17 07:45:18+00:00,cycling,150,66,5.697,257.3,14935.3,23
2019-08-17 07:45:19+00:00,cycling,147,60,5.473,257.2,14940.7,23
2019-08-17 07:45:20+00:00,cycling,148,68,4.937,257.0,14945.7,23
2019-08-17 07:45:21+00:00,cycling,146,68,5.66,256.9,14951.3,23
2019-08-17 07:45:22+00:00,cycling,148,66,5.771,256.8,14957.1,23
2019-08-17 07:45:23+00:00,cycling,145,65,5.155,256.7,14962.2,24
2019-08-17 07:45:24+00:00,cycling,148,69,5.886,256.6,14968.1,23
2019-08-17 07:45:25+00:00,cycling,146,76,5.918,256.5,14974.1,23
2019-08-17 07:45:26+00:00,cycling,149,68,5.613,256.4,14979.7,24
2019-08-17 07:45:27+00:00,cycling,148,62,5.583,256.3,14985.2,23
2019-08-17 07:45:28+00:00,cycling,146,62,5.419,256.2,14990.7,23
2019-08-17 07:45:29+00:00,cycling,147,70,5.925,256.1,14996.6,23
2019-08-17 07:45:30+00:00,cycling,147,63,5.18,256.0,15001.8,23
2019-08-17 07:45:31+00:00,cycling,147,64,5.814,255.8,15007.6,23
2019-08-17 07:45:32+00:00,cycling,146,66,6.051,255.7,15013.6,23
2019-08-17 07:45:33+00:00,cycling,147,67,5.568,255.6,15019.2,23
2019-08-17 07:45:34+00:00,cycling,147,68,5.758,255.4,15025.0,23
2019-08-17 07:45:35+00:00,cycling,148,66,5.384,255.3,15030.3,24
2019-08-17 07:45:36+00:00,cycling,145,63,5.408,255.2,15035.8,23
2019-08-17 07:45:37+00:00,cycling,149,74,5.514,255.1,15041.3,23
2019-08-17 07:45:38+00:00,cycling,148,76,5.514,255.0,15046.8,23
2019-08-17 07:45:39+00:00,cycling,148,66,5.711,254.8,15052.5,23
2019-08-17 07:45:40+00:00,cycling,146,62,5.16,254.7,15057.7,23
2019-08-17 07:45:41+00:00,cycling,148,65,5.395,254.6,15063.0,23
2019-08-17 07:45:42+00:00,cycling,147,67,5.765,254.5,15068.8,23
2019-08-17 07:45:43+00:00,cycling,149,67,5.648,254.4,15074.5,23
2019-08-17 07:45:44+00:00,cycling,146,67,5.624,254.2,15080.1,23
2019-08-17 07:45:45+00:00,cycling,147,60,5.546,254.1,15085.6,23
2019-08-17 07:45:46+00:00,cycling,147,68,5.74,254.0,15091.4,24
2019-08-17 07:45:47+00:00,cycling,145,71,6.169,253.9,15097.5,23
2019-08-17 07:45:48+00:00,cycling,144,75,6.121,253.8,15103.7,23
2019-08-17 07:45:49+00:00,cycling,147,77,6.168,253.7,15109.8,24
2019-08-17 07:45:50+00:00,cycling,148,73,5.878,253.6,15115.7,23
2019-08-17 07:45:51+00:00,cycling,148,68,5.652,253.4,15121.4,23
2019-08-17 07:45:52+00:00,cycling,151,65,5.596,253.3,15127.0,24
2019-08-17 07:45:53+00:00,cycling,144,62,5.567,253.2,15132.5,23
2019-08-17 07:45:54+00:00,cycling,147,72,5.667,253.1,15138.2,24
2019-08-17 07:45:55+00:00,cycling,145,57,5.32,252.9,15143.5,23
2019-08-17 07:45:56+00:00,cycling,147,66,6.045,252.8,15149.6,23
2019-08-17 07:45:57+00:00,cycling,147,67,6.529,252.7,15156.1,23
2019-08-17 07:45:58+00:00,cycling,146,75,6.3,252.6,15162.4,24
2019-08-17 07:45:59+00:00,cycling,145,67,6.0,252.5,15168.4,23
2019-08-17 07:46:00+00:00,cycling,147,63,5.83,252.4,15174.2,24
2019-08-17 07:46:01+00:00,cycling,145,69,6.061,252.2,15180.3,24
2019-08-17 07:46:02+00:00,cycling,148,63,5.918,252.1,15186.2,24
2019-08-17 07:46:03+00:00,cycling,147,67,6.26,252.0,15192.5,23
2019-08-17 07:46:04+00:00,cycling,148,68,6.049,251.9,15198.5,23
2019-08-17 07:46:05+00:00,cycling,148,69,6.015,251.8,15204.5,23
2019-08-17 07:46:06+00:00,cycling,145,78,6.117,251.7,15210.6,24
2019-08-17 07:46:07+00:00,cycling,146,69,5.932,251.6,15216.6,23
2019-08-17 07:46:08+00:00,cycling,147,68,5.985,251.5,15222.6,23
2019-08-17 07:46:09+00:00,cycling,147,74,6.211,251.4,15228.8,23
2019-08-17 07:46:10+00:00,cycling,149,73,6.126,251.3,15234.9,24
2019-08-17 07:46:11+00:00,cycling,147,76,6.254,251.1,15241.1,23
2019-08-17 07:46:12+00:00,cycling,150,78,6.462,251.0,15247.6,23
2019-08-17 07:46:13+00:00,cycling,147,78,6.421,250.9,15254.0,23
2019-08-17 07:46:14+00:00,cycling,148,67,5.899,250.8,15259.9,23
2019-08-17 07:46:15+00:00,cycling,146,63,6.214,250.7,15266.1,24
2019-08-17 07:46:16+00:00,cycling,146,71,6.581,250.6,15272.7,23
2019-08-17 07:46:17+00:00,cycling,147,71,6.247,250.4,15279.0,23
2019-08-17 07:46:18+00:00,cycling,144,76,6.319,250.3,15285.3,23
2019-08-17 07:46:19+00:00,cycling,149,68,6.269,250.2,15291.6,23
2019-08-17 07:46:20+00:00,cycling,147,67,6.547,250.1,15298.1,23
2019-08-17 07:46:21+00:00,cycling,147,80,6.648,249.9,15304.8,24
2019-08-17 07:46:22+00:00,cycling,148,79,6.489,249.9,15311.2,23
2019-08-17 07:46:23+00:00,cycling,147,75,6.442,249.8,15317.7,23
2019-08-17 07:46:24+00:00,cycling,146,66,6.494,249.6,15324.2,23
2019-08-17 07:46:25+00:00,cycling,148,71,6.311,249.5,15330.5,23
2019-08-17 07:46:26+00:00,cycling,146,69,6.269,249.4,15336.8,23
2019-08-17 07:46:27+00:00,cycling,146,72,6.658,249.3,15343.4,23
2019-08-17 07:46:28+00:00,cycling,148,74,6.367,249.2,15349.8,23
2019-08-17 07:46:29+00:00,cycling,143,72,6.559,249.0,15356.3,23
2019-08-17 07:46:30+00:00,cycling,144,68,6.107,248.9,15362.4,24
2019-08-17 07:46:31+00:00,cycling,146,69,6.419,248.8,15368.9,23
2019-08-17 07:46:32+00:00,cycling,147,69,6.412,248.7,15375.3,23
2019-08-17 07:46:33+00:00,cycling,146,74,6.22,248.6,15381.5,23
2019-08-17 07:46:34+00:00,cycling,149,66,6.621,248.5,15388.1,23
2019-08-17 07:46:35+00:00,cycling,144,70,6.247,248.4,15394.4,23
2019-08-17 07:46:36+00:00,cycling,146,74,6.615,248.3,15401.0,24
2019-08-17 07:46:37+00:00,cycling,146,78,6.673,248.2,15407.7,23
2019-08-17 07:46:38+00:00,cycling,146,69,6.475,248.1,15414.1,23
2019-08-17 07:46:39+00:00,cycling,147,67,6.1,247.9,15420.2,23
2019-08-17 07:46:40+00:00,cycling,147,70,6.606,247.8,15426.8,24
2019-08-17 07:46:41+00:00,cycling,148,73,7.025,247.7,15433.9,23
2019-08-17 07:46:42+00:00,cycling,145,75,6.75,247.5,15440.6,23
2019-08-17 07:46:43+00:00,cycling,147,73,6.764,247.4,15447.4,23
2019-08-17 07:46:44+00:00,cycling,147,80,6.969,247.3,15454.3,23
2019-08-17 07:46:45+00:00,cycling,143,74,7.319,247.2,15461.7,23
2019-08-17 07:46:46+00:00,cycling,147,80,7.111,247.1,15468.8,23
2019-08-17 07:46:47+00:00,cycling,148,72,6.611,247.0,15475.4,24
2019-08-17 07:46:48+00:00,cycling,146,71,6.858,246.9,15482.2,23
2019-08-17 07:46:49+00:00,cycling,147,70,7.073,246.8,15489.3,23
2019-08-17 07:46:50+00:00,cycling,147,74,6.986,246.6,15496.3,23
2019-08-17 07:46:51+00:00,cycling,144,80,6.957,246.5,15503.3,24
2019-08-17 07:46:52+00:00,cycling,145,79,7.234,246.4,15510.5,23
2019-08-17 07:46:53+00:00,cycling,147,74,6.892,246.3,15517.4,23
2019-08-17 07:46:54+00:00,cycling,146,76,6.833,246.2,15524.2,23
2019-08-17 07:46:55+00:00,cycling,146,73,7.112,246.1,15531.3,24
2019-08-17 07:46:56+00:00,cycling,144,80,7.175,246.0,15538.5,23
2019-08-17 07:46:57+00:00,cycling,147,85,7.416,245.9,15545.9,24
2019-08-17 07:46:58+00:00,cycling,145,79,7.054,245.8,15553.0,23
2019-08-17 07:46:59+00:00,cycling,143,75,6.781,245.7,15559.8,24
2019-08-17 07:47:00+00:00,cycling,145,77,7.116,245.5,15566.9,23
2019-08-17 07:47:01+00:00,cycling,147,72,7.375,245.4,15574.2,23
2019-08-17 07:47:02+00:00,cycling,146,76,7.577,245.4,15581.8,23
2019-08-17 07:47:03+00:00,cycling,144,75,7.311,245.2,15589.1,23
2019-08-17 07:47:04+00:00,cycling,148,66,6.996,245.1,15596.1,23
2019-08-17 07:47:05+00:00,cycling,147,74,7.222,245.0,15603.4,23
2019-08-17 07:47:06+00:00,cycling,146,78,7.113,244.9,15610.5,24
2019-08-17 07:47:07+00:00,cycling,146,72,7.2,244.8,15617.7,24
2019-08-17 07:47:08+00:00,cycling,147,64,6.814,244.7,15624.5,23
2019-08-17 07:47:09+00:00,cycling,149,81,6.973,244.6,15631.5,23
2019-08-17 07:47:10+00:00,cycling,146,77,7.554,244.5,15639.0,24
2019-08-17 07:47:11+00:00,cycling,147,69,7.167,244.4,15646.2,24
2019-08-17 07:47:12+00:00,cycling,147,75,6.913,244.3,15653.1,24
2019-08-17 07:47:13+00:00,cycling,145,75,7.26,244.2,15660.3,23
2019-08-17 07:47:14+00:00,cycling,143,82,7.075,244.0,15667.4,23
2019-08-17 07:47:15+00:00,cycling,147,76,6.952,243.9,15674.4,23
2019-08-17 07:47:16+00:00,cycling,143,75,7.563,243.8,15681.9,23
2019-08-17 07:47:17+00:00,cycling,146,85,7.668,243.7,15689.6,24
2019-08-17 07:47:18+00:00,cycling,146,79,7.235,243.6,15696.8,23
2019-08-17 07:47:19+00:00,cycling,147,71,7.618,243.5,15704.5,23
2019-08-17 07:47:20+00:00,cycling,145,86,7.686,243.4,15712.1,23
2019-08-17 07:47:21+00:00,cycling,146,78,7.56,243.3,15719.7,23
2019-08-17 07:47:22+00:00,cycling,144,87,7.858,243.2,15727.6,24
2019-08-17 07:47:23+00:00,cycling,148,74,7.097,243.0,15734.7,23
2019-08-17 07:47:24+00:00,cycling,146,68,7.374,243.0,15742.0,23
2019-08-17 07:47:25+00:00,cycling,144,88,7.662,242.9,15749.7,23
2019-08-17 07:47:26+00:00,cycling,146,77,7.211,242.8,15756.9,23
2019-08-17 07:47:27+00:00,cycling,145,77,7.181,242.7,15764.1,24
2019-08-17 07:47:28+00:00,cycling,145,74,6.87,242.6,15771.0,23
2019-08-17 07:47:29+00:00,cycling,149,83,7.57,242.5,15778.5,23
2019-08-17 07:47:30+00:00,cycling,146,77,7.601,242.4,15786.1,23
2019-08-17 07:47:31+00:00,cycling,145,79,7.612,242.3,15793.7,23
2019-08-17 07:47:32+00:00,cycling,147,77,7.728,242.2,15801.5,23
2019-08-17 07:47:33+00:00,cycling,146,70,7.307,242.0,15808.8,23
2019-08-17 07:47:34+00:00,cycling,145,75,6.967,242.0,15815.7,24
2019-08-17 07:47:35+00:00,cycling,146,78,7.675,241.9,15823.4,24
2019-08-17 07:47:36+00:00,cycling,147,77,7.645,241.7,15831.1,24
2019-08-17 07:47:37+00:00,cycling,147,79,7.948,241.7,15839.0,23
2019-08-17 07:47:38+00:00,cycling,146,75,7.438,241.6,15846.4,23
2019-08-17 07:47:39+00:00,cycling,144,84,7.637,241.5,15854.1,24
2019-08-17 07:47:40+00:00,cycling,146,79,7.373,241.4,15861.5,23
2019-08-17 07:47:41+00:00,cycling,146,71,7.071,241.3,15868.5,23
2019-08-17 07:47:42+00:00,cycling,147,77,7.263,241.2,15875.8,24
2019-08-17 07:47:43+00:00,cycling,144,78,7.555,241.1,15883.3,23
2019-08-17 07:47:44+00:00,cycling,143,78,7.785,241.0,15891.1,23
2019-08-17 07:47:45+00:00,cycling,144,82,7.541,240.9,15898.7,24
2019-08-17 07:47:46+00:00,cycling,146,71,7.833,240.8,15906.5,24
2019-08-17 07:47:47+00:00,cycling,146,76,7.466,240.7,15914.0,24
2019-08-17 07:47:48+00:00,cycling,146,81,7.752,240.7,15921.7,23
2019-08-17 07:47:49+00:00,cycling,146,78,7.778,240.6,15929.5,23
2019-08-17 07:47:50+00:00,cycling,146,74,7.371,240.5,15936.9,24
2019-08-17 07:47:51+00:00,cycling,147,85,7.379,240.4,15944.2,23
2019-08-17 07:47:52+00:00,cycling,144,77,7.141,240.3,15951.4,23
2019-08-17 07:47:53+00:00,cycling,143,81,7.735,240.2,15959.1,23
2019-08-17 07:47:54+00:00,cycling,146,89,8.026,240.2,15967.2,23
2019-08-17 07:47:55+00:00,cycling,147,79,7.327,240.0,15974.5,23
2019-08-17 07:47:56+00:00,cycling,151,77,7.701,239.9,15982.2,24
2019-08-17 07:47:57+00:00,cycling,144,64,7.389,239.8,15989.6,23
2019-08-17 07:47:58+00:00,cycling,147,82,7.371,239.7,15996.9,24
2019-08-17 07:47:59+00:00,cycling,146,88,7.813,239.6,16004.8,23
2019-08-17 07:48:00+00:00,cycling,145,82,7.959,239.6,16012.7,24
2019-08-17 07:48:01+00:00,cycling,145,72,7.276,239.4,16020.0,23
2019-08-17 07:48:02+00:00,cycling,145,85,8.212,239.4,16028.2,24
2019-08-17 07:48:03+00:00,cycling,147,80,7.684,239.3,16035.9,24
2019-08-17 07:48:04+00:00,cycling,145,80,7.58,239.3,16043.5,23
2019-08-17 07:48:05+00:00,cycling,147,79,7.297,239.2,16050.8,23
2019-08-17 07:48:06+00:00,cycling,146,78,8.055,239.1,16058.8,23
2019-08-17 07:48:07+00:00,cycling,146,74,7.512,239.0,16066.3,23
2019-08-17 07:48:08+00:00,cycling,146,74,7.533,238.9,16073.9,23
2019-08-17 07:48:09+00:00,cycling,145,81,7.473,238.9,16081.3,23
2019-08-17 07:48:10+00:00,cycling,145,81,7.783,238.8,16089.1,24
2019-08-17 07:48:11+00:00,cycling,147,86,7.796,238.7,16096.9,23
2019-08-17 07:48:12+00:00,cycling,143,80,7.56,238.6,16104.5,23
2019-08-17 07:48:13+00:00,cycling,144,76,7.825,238.4,16112.3,24
2019-08-17 07:48:14+00:00,cycling,148,82,7.64,238.4,16119.9,23
2019-08-17 07:48:15+00:00,cycling,146,75,7.275,238.3,16127.2,23
2019-08-17 07:48:16+00:00,cycling,149,70,7.631,238.2,16134.8,23
2019-08-17 07:48:17+00:00,cycling,147,82,7.865,238.2,16142.7,23
2019-08-17 07:48:18+00:00,cycling,145,79,7.48,238.1,16150.2,24
2019-08-17 07:48:19+00:00,cycling,146,78,7.399,238.0,16157.6,24
2019-08-17 07:48:20+00:00,cycling,146,79,7.864,238.0,16165.4,24
2019-08-17 07:48:21+00:00,cycling,146,74,7.372,237.9,16172.8,24
2019-08-17 07:48:22+00:00,cycling,146,79,7.672,237.8,16180.5,23
2019-08-17 07:48:23+00:00,cycling,147,79,7.139,237.7,16187.6,24
2019-08-17 07:48:24+00:00,cycling,145,82,7.519,237.6,16195.2,23
2019-08-17 07:48:25+00:00,cycling,149,80,7.782,237.6,16202.9,24
2019-08-17 07:48:26+00:00,cycling,145,82,7.961,237.5,16210.9,23
2019-08-17 07:48:27+00:00,cycling,147,73,7.571,237.4,16218.5,23
2019-08-17 07:48:28+00:00,cycling,145,79,7.521,237.4,16226.0,23
2019-08-17 07:48:29+00:00,cycling,147,75,7.16,237.3,16233.1,24
2019-08-17 07:48:30+00:00,cycling,146,73,7.326,237.2,16240.5,24
2019-08-17 07:48:31+00:00,cycling,145,79,7.731,237.2,16248.2,24
2019-08-17 07:48:32+00:00,cycling,145,82,7.703,237.1,16255.9,23
2019-08-17 07:48:33+00:00,cycling,146,82,7.516,237.0,16263.4,23
2019-08-17 07:48:34+00:00,cycling,147,85,7.757,237.0,16271.2,23
2019-08-17 07:48:35+00:00,cycling,146,74,7.702,236.9,16278.9,23
2019-08-17 07:48:36+00:00,cycling,147,81,7.253,236.8,16286.1,23
2019-08-17 07:48:37+00:00,cycling,146,75,7.618,236.8,16293.8,23
2019-08-17 07:48:38+00:00,cycling,145,81,6.963,236.7,16300.7,24
2019-08-17 07:48:39+00:00,cycling,146,80,7.506,236.6,16308.2,24
2019-08-17 07:48:40+00:00,cycling,147,79,7.637,236.6,16315.9,23
2019-08-17 07:48:41+00:00,cycling,146,73,7.442,236.6,16323.3,23
2019-08-17 07:48:42+00:00,cycling,146,71,6.79,236.5,16330.1,24
2019-08-17 07:48:43+00:00,cycling,147,73,7.633,236.4,16337.7,23
2019-08-17 07:48:44+00:00,cycling,145,72,7.096,236.4,16344.8,23
2019-08-17 07:48:45+00:00,cycling,145,67,7.534,236.4,16352.4,23
2019-08-17 07:48:46+00:00,cycling,145,82,7.375,236.3,16359.7,24
2019-08-17 07:48:47+00:00,cycling,144,78,7.46,236.3,16367.2,23
2019-08-17 07:48:48+00:00,cycling,145,76,7.347,236.2,16374.5,24
2019-08-17 07:48:49+00:00,cycling,147,75,7.43,236.2,16382.0,24
2019-08-17 07:48:50+00:00,cycling,146,77,7.371,236.1,16389.3,23
2019-08-17 07:48:51+00:00,cycling,144,80,7.292,236.0,16396.6,23
2019-08-17 07:48:52+00:00,cycling,145,80,7.321,236.0,16403.9,23
2019-08-17 07:48:53+00:00,cycling,146,80,7.217,236.0,16411.2,23
2019-08-17 07:48:54+00:00,cycling,144,78,7.467,235.9,16418.6,23
2019-08-17 07:48:55+00:00,cycling,144,77,7.079,235.9,16425.7,23
2019-08-17 07:48:56+00:00,cycling,144,73,7.125,235.8,16432.8,23
2019-08-17 07:48:57+00:00,cycling,143,78,7.043,235.8,16439.9,24
2019-08-17 07:48:58+00:00,cycling,148,68,6.606,235.8,16446.5,23
2019-08-17 07:48:59+00:00,cycling,148,76,7.396,235.7,16453.9,23
2019-08-17 07:49:00+00:00,cycling,146,82,7.078,235.6,16461.0,23
2019-08-17 07:49:01+00:00,cycling,146,76,7.041,235.6,16468.0,23
2019-08-17 07:49:02+00:00,cycling,146,74,6.818,235.5,16474.8,24
2019-08-17 07:49:03+00:00,cycling,145,69,7.503,235.4,16482.3,24
2019-08-17 07:49:04+00:00,cycling,145,76,7.432,235.4,16489.8,23
2019-08-17 07:49:05+00:00,cycling,144,77,7.235,235.4,16497.0,24
2019-08-17 07:49:06+00:00,cycling,145,74,6.57,235.3,16503.6,24
2019-08-17 07:49:07+00:00,cycling,145,77,7.224,235.3,16510.8,23
2019-08-17 07:49:08+00:00,cycling,149,79,7.111,235.3,16517.9,23
2019-08-17 07:49:09+00:00,cycling,143,74,6.52,235.2,16524.4,24
2019-08-17 07:49:10+00:00,cycling,145,73,7.146,235.1,16531.6,23
2019-08-17 07:49:11+00:00,cycling,147,77,7.12,235.1,16538.7,24
2019-08-17 07:49:12+00:00,cycling,146,72,6.946,235.1,16545.6,24
2019-08-17 07:49:13+00:00,cycling,144,79,6.78,235.0,16552.4,23
2019-08-17 07:49:14+00:00,cycling,146,74,6.827,235.0,16559.2,23
2019-08-17 07:49:15+00:00,cycling,144,70,6.64,234.9,16565.9,23
2019-08-17 07:49:16+00:00,cycling,147,76,6.732,234.8,16572.6,24
2019-08-17 07:49:17+00:00,cycling,143,78,7.138,234.8,16579.7,23
2019-08-17 07:49:18+00:00,cycling,145,77,6.859,234.7,16586.6,23
2019-08-17 07:49:19+00:00,cycling,144,73,6.81,234.7,16593.4,24
2019-08-17 07:49:20+00:00,cycling,146,82,6.624,234.7,16600.0,24
2019-08-17 07:49:21+00:00,cycling,146,71,6.904,234.6,16606.9,23
2019-08-17 07:49:22+00:00,cycling,145,75,7.101,234.6,16614.0,24
2019-08-17 07:49:23+00:00,cycling,144,74,6.526,234.5,16620.6,23
2019-08-17 07:49:24+00:00,cycling,148,68,6.734,234.5,16627.3,23
2019-08-17 07:49:25+00:00,cycling,147,73,6.817,234.5,16634.1,23
2019-08-17 07:49:26+00:00,cycling,146,72,7.388,234.5,16641.5,23
2019-08-17 07:49:27+00:00,cycling,147,75,7.357,234.4,16648.9,23
2019-08-17 07:49:28+00:00,cycling,144,71,7.172,234.4,16656.0,23
2019-08-17 07:49:29+00:00,cycling,147,76,6.599,234.3,16662.6,24
2019-08-17 07:49:30+00:00,cycling,149,75,6.481,234.3,16669.1,23
2019-08-17 07:49:31+00:00,cycling,144,75,6.517,234.3,16675.6,23
2019-08-17 07:49:32+00:00,cycling,146,73,6.525,234.2,16682.2,24
2019-08-17 07:49:33+00:00,cycling,146,70,6.651,234.2,16688.8,24
2019-08-17 07:49:34+00:00,cycling,147,71,6.945,234.2,16695.8,24
2019-08-17 07:49:35+00:00,cycling,145,69,7.094,234.2,16702.8,24
2019-08-17 07:49:36+00:00,cycling,148,70,6.626,234.2,16709.5,23
2019-08-17 07:49:37+00:00,cycling,148,76,7.04,234.1,16716.5,24
2019-08-17 07:49:38+00:00,cycling,147,78,6.837,234.1,16723.3,24
2019-08-17 07:49:39+00:00,cycling,145,76,6.907,234.0,16730.3,24
2019-08-17 07:49:40+00:00,cycling,145,102,8.586,234.0,16738.8,23
2019-08-17 07:49:41+00:00,cycling,144,98,8.574,234.0,16747.4,23
2019-08-17 07:49:42+00:00,cycling,146,98,8.649,233.9,16756.1,23
2019-08-17 07:49:43+00:00,cycling,146,100,8.38,233.9,16764.4,23
2019-08-17 07:49:44+00:00,cycling,147,95,8.661,233.9,16773.1,23
2019-08-17 07:49:45+00:00,cycling,147,91,8.587,233.8,16781.7,24
2019-08-17 07:49:46+00:00,cycling,147,95,8.828,233.8,16790.5,23
2019-08-17 07:49:47+00:00,cycling,147,94,8.658,233.8,16799.2,23
2019-08-17 07:49:48+00:00,cycling,145,99,8.471,233.8,16807.6,23
2019-08-17 07:49:49+00:00,cycling,143,97,8.528,233.7,16816.2,23
2019-08-17 07:49:50+00:00,cycling,146,93,8.656,233.7,16824.8,23
2019-08-17 07:49:51+00:00,cycling,147,93,8.762,233.7,16833.6,24
2019-08-17 07:49:52+00:00,cycling,144,95,8.832,233.7,16842.4,24
2019-08-17 07:49:53+00:00,cycling,147,99,8.942,233.7,16851.4,24
2019-08-17 07:49:54+00:00,cycling,144,99,8.767,233.7,16860.1,24
2019-08-17 07:49:55+00:00,cycling,145,99,8.712,233.6,16868.9,23
2019-08-17 07:49:56+00:00,cycling,146,99,8.736,233.6,16877.6,24
2019-08-17 07:49:57+00:00,cycling,145,93,8.59,233.6,16886.2,23
2019-08-17 07:49:58+00:00,cycling,149,92,8.695,233.6,16894.9,23
2019-08-17 07:49:59+00:00,cycling,148,94,9.189,233.6,16904.1,23
2019-08-17 07:50:00+00:00,cycling,146,97,9.027,233.6,16913.1,23
2019-08-17 07:50:01+00:00,cycling,146,95,8.908,233.6,16922.0,24
2019-08-17 07:50:02+00:00,cycling,149,94,9.171,233.5,16931.2,23
2019-08-17 07:50:03+00:00,cycling,143,100,8.85,233.5,16940.0,24
2019-08-17 07:50:04+00:00,cycling,149,91,8.77,233.5,16948.8,24
2019-08-17 07:50:05+00:00,cycling,146,93,8.845,233.5,16957.6,24
2019-08-17 07:50:06+00:00,cycling,147,94,9.144,233.4,16966.8,24
2019-08-17 07:50:07+00:00,cycling,147,96,9.069,233.4,16975.8,24
2019-08-17 07:50:08+00:00,cycling,143,94,9.153,233.4,16985.0,24
2019-08-17 07:50:09+00:00,cycling,147,96,9.214,233.4,16994.2,23
2019-08-17 07:50:10+00:00,cycling,147,101,9.414,233.4,17003.6,23
2019-08-17 07:50:11+00:00,cycling,147,102,9.251,233.4,17012.9,24
2019-08-17 07:50:12+00:00,cycling,146,94,8.922,233.4,17021.8,23
2019-08-17 07:50:13+00:00,cycling,143,97,9.018,233.3,17030.8,24
2019-08-17 07:50:14+00:00,cycling,147,98,9.403,233.3,17040.2,23
2019-08-17 07:50:15+00:00,cycling,145,96,9.21,233.4,17049.4,23
2019-08-17 07:50:16+00:00,cycling,148,96,9.41,233.4,17058.8,24
2019-08-17 07:50:17+00:00,cycling,149,94,9.301,233.4,17068.1,23
2019-08-17 07:50:18+00:00,cycling,149,96,9.169,233.4,17077.3,23
2019-08-17 07:50:19+00:00,cycling,146,97,9.116,233.4,17086.4,24
2019-08-17 07:50:20+00:00,cycling,148,0,0.007,233.4,17086.4,24
2019-08-17 07:50:21+00:00,cycling,146,0,0.003,233.4,17086.4,23
2019-08-17 07:50:22+00:00,cycling,149,0,0.054,233.4,17086.5,24
2019-08-17 07:50:23+00:00,cycling,143,0,0.023,233.4,17086.5,23
2019-08-17 07:50:24+00:00,cycling,147,0,0.059,233.4,17086.6,23
2019-08-17 07:50:25+00:00,cycling,147,0,0.022,233.4,17086.6,23
2019-08-17 07:50:26+00:00,cycling,149,0,0.003,233.4,17086.6,24
2019-08-17 07:50:27+00:00,cycling,150,0,0.008,233.4,17086.6,23
2019-08-17 07:50:28+00:00,cycling,149,0,0.037,233.4,17086.6,23
2019-08-17 07:50:29+00:00,cycling,150,0,0.01,233.4,17086.7,23
2019-08-17 07:50:30+00:00,cycling,150,0,0.004,233.4,17086.7,24
2019-08-17 07:50:31+00:00,cycling,150,0,0.016,233.4,17086.7,23
2019-08-17 07:50:32+00:00,cycling,153,0,0.012,233.4,17086.7,24
2019-08-17 07:50:33+00:00,cycling,151,0,0.036,233.4,17086.7,23
2019-08-17 07:50:34+00:00,cycling,149,0,0.018,233.4,17086.7,23
2019-08-17 07:50:35+00:00,cycling,153,0,0.054,233.4,17086.8,23
2019-08-17 07:50:36+00:00,cycling,151,0,0.029,233.4,17086.8,24
2019-08-17 07:50:37+00:00,cycling,152,0,0.086,233.4,17086.9,23
2019-08-17 07:50:38+00:00,cycling,151,0,0.004,233.4,17086.9,24
2019-08-17 07:50:39+00:00,cycling,156,0,0.0,233.4,17086.9,23
2019-08-17 07:50:40+00:00,cycling,155,0,0.042,233.4,17087.0,24
2019-08-17 07:50:41+00:00,cycling,153,0,0.012,233.4,17087.0,24
2019-08-17 07:50:42+00:00,cycling,156,0,0.01,233.4,17087.0,24
2019-08-17 07:50:43+00:00,cycling,153,0,0.007,233.4,17087.0,24
2019-08-17 07:50:44+00:00,cycling,153,0,0.007,233.4,17087.0,23
2019-08-17 07:50:45+00:00,cycling,155,0,0.067,233.4,17087.1,23
2019-08-17 07:50:46+00:00,cycling,154,0,0.01,233.4,17087.1,23
2019-08-17 07:50:47+00:00,cycling,153,0,0.054,233.4,17087.1,24
2019-08-17 07:50:48+00:00,cycling,153,0,0.04,233.4,17087.2,24
2019-08-17 07:50:49+00:00,cycling,155,0,0.03,233.4,17087.2,23
2019-08-17 07:50:50+00:00,cycling,159,0,0.056,233.4,17087.2,24
2019-08-17 07:50:51+00:00,cycling,155,0,0.001,233.4,17087.2,24
2019-08-17 07:50:52+00:00,cycling,158,0,0.039,233.4,17087.3,24
2019-08-17 07:50:53+00:00,cycling,156,0,0.004,233.4,17087.3,24
2019-08-17 07:50:54+00:00,cycling,159,0,0.052,233.4,17087.3,23
2019-08-17 07:50:55+00:00,cycling,158,0,0.008,233.4,17087.3,24
2019-08-17 07:50:56+00:00,cycling,160,0,0.003,233.4,17087.4,24
2019-08-17 07:50:57+00:00,cycling,159,0,0.017,233.4,17087.4,23
2019-08-17 07:50:58+00:00,cycling,160,0,0.053,233.4,17087.4,24
2019-08-17 07:50:59+00:00,cycling,162,0,0.058,233.4,17087.5,24
2019-08-17 07:51:00+00:00,cycling,159,0,0.054,233.4,17087.5,24
2019-08-17 07:51:01+00:00,cycling,162,0,0.033,233.4,17087.6,24
2019-08-17 07:51:02+00:00,cycling,161,0,0.01,233.4,17087.6,24
2019-08-17 07:51:03+00:00,cycling,162,0,0.022,233.4,17087.6,23
2019-08-17 07:51:04+00:00,cycling,162,0,0.009,233.4,17087.6,24
2019-08-17 07:51:05+00:00,cycling,162,0,0.1,233.4,17087.7,24
2019-08-17 07:51:06+00:00,cycling,165,0,0.017,233.4,17087.7,24
2019-08-17 07:51:07+00:00,cycling,163,0,0.045,233.4,17087.8,24
2019-08-17 07:51:08+00:00,cycling,164,0,0.025,233.4,17087.8,24
2019-08-17 07:51:09+00:00,cycling,164,0,0.018,233.4,17087.8,23
2019-08-17 07:51:10+00:00,cycling,167,0,0.005,233.4,17087.8,24
2019-08-17 07:51:11+00:00,cycling,165,0,0.037,233.4,17087.9,23
2019-08-17 07:51:12+00:00,cycling,165,0,0.058,233.4,17087.9,23
2019-08-17 07:51:13+00:00,cycling,165,0,0.039,233.4,17088.0,23
2019-08-17 07:51:14+00:00,cycling,165,0,0.051,233.4,17088.0,24
2019-08-17 07:51:15+00:00,cycling,168,0,0.021,233.5,17088.0,23
2019-08-17 07:51:16+00:00,cycling,167,0,0.006,233.5,17088.0,24
2019-08-17 07:51:17+00:00,cycling,166,0,0.001,233.4,17088.0,24
2019-08-17 07:51:18+00:00,cycling,165,0,0.031,233.4,17088.1,24
2019-08-17 07:51:19+00:00,cycling,168,0,0.026,233.5,17088.1,24
2019-08-17 07:51:20+00:00,cycling,168,0,0.052,233.4,17088.1,24
2019-08-17 07:51:21+00:00,cycling,168,0,0.013,233.5,17088.2,24
2019-08-17 07:51:22+00:00,cycling,169,0,0.01,233.5,17088.2,23
2019-08-17 07:51:23+00:00,cycling,169,0,0.008,233.5,17088.2,23
2019-08-17 07:51:24+00:00,cycling,169,0,0.033,233.5,17088.2,23
2019-08-17 07:51:25+00:00,cycling,168,0,0.037,233.5,17088.2,24
2019-08-17 07:51:26+00:00,cycling,170,0,0.023,233.5,17088.3,24
2019-08-17 07:51:27+00:00,cycling,169,0,0.055,233.5,17088.3,23
2019-08-17 07:51:28+00:00,cycling,171,0,0.049,233.5,17088.4,24
2019-08-17 07:51:29+00:00,cycling,168,0,0.022,233.4,17088.4,24
2019-08-17 07:51:30+00:00,cycling,170,0,0.075,233.4,17088.5,23
2019-08-17 07:51:31+00:00,cycling,169,0,0.012,233.5,17088.5,24
2019-08-17 07:51:32+00:00,cycling,173,0,0.036,233.5,17088.5,24
2019-08-17 07:51:33+00:00,cycling,173,0,0.03,233.4,17088.5,23
2019-08-17 07:51:34+00:00,cycling,172,0,0.032,233.4,17088.6,23
2019-08-17 07:51:35+00:00,cycling,171,0,0.024,233.4,17088.6,24
2019-08-17 07:51:36+00:00,cycling,177,0,0.003,233.4,17088.6,24
2019-08-17 07:51:37+00:00,cycling,177,0,0.038,233.4,17088.6,24
2019-08-17 07:51:38+00:00,cycling,175,0,0.033,233.4,17088.7,23
2019-08-17 07:51:39+00:00,cycling,176,0,0.025,233.4,17088.7,24
2019-08-17 07:51:40+00:00,cycling,177,0,0.005,233.4,17088.7,23
2019-08-17 07:51:41+00:00,cycling,173,0,0.024,233.4,17088.7,24
2019-08-17 07:51:42+00:00,cycling,174,0,0.025,233.4,17088.8,24
2019-08-17 07:51:43+00:00,cycling,175,0,0.038,233.4,17088.8,24
2019-08-17 07:51:44+00:00,cycling,178,0,0.015,233.4,17088.8,23
2019-08-17 07:51:45+00:00,cycling,178,0,0.006,233.4,17088.8,24
2019-08-17 07:51:46+00:00,cycling,175,0,0.01,233.4,17088.8,24
2019-08-17 07:51:47+00:00,cycling,178,0,0.027,233.4,17088.8,23
2019-08-17 07:51:48+00:00,cycling,178,0,0.016,233.4,17088.9,24
2019-08-17 07:51:49+00:00,cycling,180,0,0.065,233.4,17088.9,24
2019-08-17 07:51:50+00:00,cycling,178,0,0.011,233.4,17088.9,24
2019-08-17 07:51:51+00:00,cycling,178,0,0.002,233.4,17088.9,23
2019-08-17 07:51:52+00:00,cycling,175,0,0.058,233.5,17089.0,24
2019-08-17 07:51:53+00:00,cycling,180,0,0.043,233.5,17089.0,24
2019-08-17 07:51:54+00:00,cycling,177,0,0.022,233.5,17089.1,23
2019-08-17 07:51:55+00:00,cycling,177,0,0.062,233.5,17089.1,24
2019-08-17 07:51:56+00:00,cycling,177,0,0.082,233.5,17089.2,24
2019-08-17 07:51:57+00:00,cycling,177,0,0.046,233.5,17089.3,24
2019-08-17 07:51:58+00:00,cycling,177,0,0.009,233.5,17089.3,24
2019-08-17 07:51:59+00:00,cycling,178,0,0.001,233.5,17089.3,23
2019-08-17 07:52:00+00:00,cycling,177,0,0.031,233.5,17089.3,24
2019-08-17 07:52:01+00:00,cycling,177,0,0.001,233.5,17089.3,23
2019-08-17 07:52:02+00:00,cycling,176,0,0.008,233.4,17089.3,24
2019-08-17 07:52:03+00:00,cycling,177,0,0.035,233.4,17089.3,24
2019-08-17 07:52:04+00:00,cycling,174,0,0.027,233.4,17089.4,24
2019-08-17 07:52:05+00:00,cycling,176,0,0.08,233.4,17089.4,23
2019-08-17 07:52:06+00:00,cycling,172,0,0.017,233.4,17089.5,24
2019-08-17 07:52:07+00:00,cycling,176,0,0.033,233.4,17089.5,23
2019-08-17 07:52:08+00:00,cycling,173,0,0.012,233.4,17089.5,24
2019-08-17 07:52:09+00:00,cycling,173,0,0.056,233.4,17089.6,24
2019-08-17 07:52:10+00:00,cycling,177,0,0.035,233.4,17089.6,24
2019-08-17 07:52:11+00:00,cycling,175,0,0.036,233.4,17089.6,24
2019-08-17 07:52:12+00:00,cycling,176,0,0.071,233.4,17089.7,23
2019-08-17 07:52:13+00:00,cycling,174,0,0.061,233.4,17089.8,24
2019-08-17 07:52:14+00:00,cycling,176,0,0.011,233.4,17089.8,24
2019-08-17 07:52:15+00:00,cycling,175,0,0.023,233.4,17089.8,24
2019-08-17 07:52:16+00:00,cycling,169,0,0.012,233.4,17089.8,24
2019-08-17 07:52:17+00:00,cycling,174,0,0.053,233.4,17089.9,24
2019-08-17 07:52:18+00:00,cycling,176,0,0.019,233.4,17089.9,24
2019-08-17 07:52:19+00:00,cycling,177,0,0.095,233.4,17090.0,23
2019-08-17 07:52:20+00:00,cycling,171,0,0.023,233.4,17090.0,24
2019-08-17 07:52:21+00:00,cycling,177,0,0.001,233.4,17090.0,24
2019-08-17 07:52:22+00:00,cycling,171,0,0.024,233.4,17090.0,24
2019-08-17 07:52:23+00:00,cycling,173,0,0.059,233.4,17090.1,23
2019-08-17 07:52:24+00:00,cycling,173,0,0.049,233.4,17090.1,24
2019-08-17 07:52:25+00:00,cycling,173,0,0.001,233.4,17090.1,24
2019-08-17 07:52:26+00:00,cycling,173,0,0.044,233.4,17090.2,23
2019-08-17 07:52:27+00:00,cycling,171,0,0.018,233.4,17090.2,24
2019-08-17 07:52:28+00:00,cycling,174,0,0.015,233.4,17090.2,24
2019-08-17 07:52:29+00:00,cycling,170,0,0.006,233.4,17090.2,24
2019-08-17 07:52:30+00:00,cycling,175,0,0.003,233.4,17090.2,24
2019-08-17 07:52:31+00:00,cycling,173,0,0.059,233.4,17090.3,24
2019-08-17 07:52:32+00:00,cycling,173,0,0.016,233.4,17090.3,24
2019-08-17 07:52:33+00:00,cycling,168,0,0.115,233.4,17090.4,24
2019-08-17 07:52:34+00:00,cycling,173,0,0.027,233.4,17090.4,24
2019-08-17 07:52:35+00:00,cycling,172,0,0.036,233.4,17090.5,24
2019-08-17 07:52:36+00:00,cycling,169,0,0.022,233.4,17090.5,24
2019-08-17 07:52:37+00:00,cycling,171,0,0.022,233.4,17090.5,24
2019-08-17 07:52:38+00:00,cycling,167,0,0.017,233.4,17090.5,23
2019-08-17 07:52:39+00:00,cycling,165,0,0.003,233.4,17090.5,24
2019-08-17 07:52:40+00:00,cycling,171,0,0.018,233.4,17090.6,24
2019-08-17 07:52:41+00:00,cycling,166,0,0.094,233.4,17090.7,24
2019-08-17 07:52:42+00:00,cycling,169,0,0.068,233.4,17090.7,24
2019-08-17 07:52:43+00:00,cycling,170,0,0.012,233.4,17090.7,24
2019-08-17 07:52:44+00:00,cycling,169,0,0.007,233.4,17090.7,24
2019-08-17 07:52:45+00:00,cycling,169,0,0.023,233.4,17090.8,24
2019-08-17 07:52:46+00:00,cycling,169,0,0.023,233.4,17090.8,24
2019-08-17 07:52:47+00:00,cycling,167,0,0.042,233.4,17090.8,24
2019-08-17 07:52:48+00:00,cycling,168,0,0.129,233.4,17091.0,23
2019-08-17 07:52:49+00:00,cycling,171,0,0.096,233.4,17091.1,23
2019-08-17 07:52:50+00:00,cycling,170,0,0.071,233.4,17091.1,24
2019-08-17 07:52:51+00:00,cycling,170,0,0.036,233.4,17091.2,24
2019-08-17 07:52:52+00:00,cycling,167,0,0.052,233.4,17091.2,24
2019-08-17 07:52:53+00:00,cycling,167,0,0.085,233.4,17091.3,24
2019-08-17 07:52:54+00:00,cycling,168,0,0.015,233.4,17091.3,24
2019-08-17 07:52:55+00:00,cycling,163,0,0.038,233.4,17091.4,24
2019-08-17 07:52:56+00:00,cycling,166,0,0.046,233.4,17091.4,23
2019-08-17 07:52:57+00:00,cycling,167,0,0.036,233.4,17091.4,24
2019-08-17 07:52:58+00:00,cycling,167,0,0.013,233.4,17091.5,23
2019-08-17 07:52:59+00:00,cycling,168,0,0.051,233.4,17091.5,24
2019-08-17 07:53:00+00:00,cycling,163,0,0.044,233.4,17091.5,24
2019-08-17 07:53:01+00:00,cycling,164,0,0.009,233.4,17091.6,24
2019-08-17 07:53:02+00:00,cycling,163,0,0.05,233.4,17091.6,24
2019-08-17 07:53:03+00:00,cycling,162,0,0.004,233.4,17091.6,24
2019-08-17 07:53:04+00:00,cycling,167,0,0.059,233.4,17091.7,24
2019-08-17 07:53:05+00:00,cycling,162,0,0.058,233.4,17091.7,24
2019-08-17 07:53:06+00:00,cycling,164,0,0.096,233.4,17091.8,24
2019-08-17 07:53:07+00:00,cycling,162,0,0.012,233.4,17091.8,24
2019-08-17 07:53:08+00:00,cycling,165,0,0.016,233.4,17091.8,24
2019-08-17 07:53:09+00:00,cycling,164,0,0.104,233.4,17092.0,25
2019-08-17 07:53:10+00:00,cycling,163,0,0.032,233.4,17092.0,24
2019-08-17 07:53:11+00:00,cycling,167,0,0.111,233.4,17092.1,24
2019-08-17 07:53:12+00:00,cycling,163,0,0.059,233.4,17092.2,24
2019-08-17 07:53:13+00:00,cycling,163,0,0.053,233.4,17092.2,23
2019-08-17 07:53:14+00:00,cycling,165,0,0.027,233.4,17092.2,23
2019-08-17 07:53:15+00:00,cycling,166,0,0.026,233.4,17092.3,23
2019-08-17 07:53:16+00:00,cycling,163,0,0.007,233.4,17092.3,24
2019-08-17 07:53:17+00:00,cycling,162,0,0.092,233.4,17092.4,23
2019-08-17 07:53:18+00:00,cycling,163,0,0.021,233.4,17092.4,24
2019-08-17 07:53:19+00:00,cycling,162,0,0.069,233.4,17092.4,23
2019-08-17 07:53:20+00:00,cycling,160,0,0.071,233.4,17092.5,24
2019-08-17 07:53:21+00:00,cycling,160,0,0.002,233.4,17092.5,24
2019-08-17 07:53:22+00:00,cycling,165,0,0.064,233.4,17092.6,24
2019-08-17 07:53:23+00:00,cycling,166,0,0.034,233.4,17092.6,24
2019-08-17 07:53:24+00:00,cycling,168,0,0.049,233.4,17092.7,24
2019-08-17 07:53:25+00:00,cycling,160,0,0.022,233.4,17092.7,24
2019-08-17 07:53:26+00:00,cycling,166,0,0.031,233.4,17092.7,24
2019-08-17 07:53:27+00:00,cycling,163,0,0.047,233.4,17092.8,24
2019-08-17 07:53:28+00:00,cycling,160,0,0.061,233.4,17092.8,24
2019-08-17 07:53:29+00:00,cycling,160,0,0.012,233.4,17092.8,23
2019-08-17 07:53:30+00:00,cycling,163,0,0.019,233.4,17092.9,23
2019-08-17 07:53:31+00:00,cycling,162,0,0.017,233.4,17092.9,23
2019-08-17 07:53:32+00:00,cycling,161,0,0.075,233.4,17093.0,24
2019-08-17 07:53:33+00:00,cycling,159,0,0.005,233.4,17093.0,24
2019-08-17 07:53:34+00:00,cycling,163,0,0.064,233.4,17093.0,24
2019-08-17 07:53:35+00:00,cycling,161,0,0.022,233.4,17093.0,24
2019-08-17 07:53:36+00:00,cycling,163,0,0.056,233.4,17093.1,24
2019-08-17 07:53:37+00:00,cycling,160,0,0.024,233.4,17093.1,23
2019-08-17 07:53:38+00:00,cycling,161,0,0.081,233.4,17093.2,24
2019-08-17 07:53:39+00:00,cycling,156,0,0.055,233.4,17093.3,23
2019-08-17 07:53:40+00:00,cycling,156,0,0.017,233.4,17093.3,23
2019-08-17 07:53:41+00:00,cycling,158,0,0.041,233.4,17093.3,24
2019-08-17 07:53:42+00:00,cycling,159,0,0.079,233.4,17093.4,24
2019-08-17 07:53:43+00:00,cycling,157,0,0.002,233.4,17093.4,24
2019-08-17 07:53:44+00:00,cycling,156,0,0.05,233.4,17093.4,24
2019-08-17 07:53:45+00:00,cycling,156,0,0.021,233.4,17093.5,24
2019-08-17 07:53:46+00:00,cycling,158,0,0.025,233.4,17093.5,24
2019-08-17 07:53:47+00:00,cycling,156,0,0.048,233.4,17093.5,24
2019-08-17 07:53:48+00:00,cycling,155,0,0.099,233.4,17093.6,23
2019-08-17 07:53:49+00:00,cycling,159,0,0.02,233.4,17093.7,24
2019-08-17 07:53:50+00:00,cycling,158,0,0.017,233.4,17093.7,24
2019-08-17 07:53:51+00:00,cycling,157,0,0.013,233.4,17093.7,24
2019-08-17 07:53:52+00:00,cycling,159,0,0.04,233.4,17093.7,24
2019-08-17 07:53:53+00:00,cycling,157,0,0.073,233.4,17093.8,24
2019-08-17 07:53:54+00:00,cycling,158,0,0.053,233.4,17093.9,24
2019-08-17 07:53:55+00:00,cycling,155,0,0.014,233.4,17093.9,24
2019-08-17 07:53:56+00:00,cycling,158,0,0.053,233.4,17093.9,24
2019-08-17 07:53:57+00:00,cycling,155,0,0.051,233.4,17094.0,24
2019-08-17 07:53:58+00:00,cycling,156,0,0.104,233.4,17094.1,24
2019-08-17 07:53:59+00:00,cycling,157,0,0.013,233.4,17094.1,24
2019-08-17 07:54:00+00:00,cycling,155,0,0.055,233.4,17094.2,24
2019-08-17 07:54:01+00:00,cycling,155,0,0.024,233.4,17094.2,24
2019-08-17 07:54:02+00:00,cycling,158,0,0.01,233.4,17094.2,24
2019-08-17 07:54:03+00:00,cycling,157,0,0.008,233.3,17094.2,24
2019-08-17 07:54:04+00:00,cycling,158,0,0.089,233.4,17094.3,24
2019-08-17 07:54:05+00:00,cycling,154,0,0.003,233.4,17094.3,24
2019-08-17 07:54:06+00:00,cycling,153,0,0.05,233.4,17094.3,23
2019-08-17 07:54:07+00:00,cycling,155,0,0.022,233.4,17094.4,24
2019-08-17 07:54:08+00:00,cycling,157,0,0.063,233.4,17094.4,24
2019-08-17 07:54:09+00:00,cycling,151,0,0.049,233.4,17094.5,24
2019-08-17 07:54:10+00:00,cycling,153,0,0.049,233.4,17094.5,24
2019-08-17 07:54:11+00:00,cycling,157,0,0.119,233.4,17094.6,24
2019-08-17 07:54:12+00:00,cycling,155,0,0.023,233.3,17094.7,24
2019-08-17 07:54:13+00:00,cycling,154,0,0.059,233.3,17094.7,24
2019-08-17 07:54:14+00:00,cycling,152,0,0.031,233.3,17094.7,24
2019-08-17 07:54:15+00:00,cycling,155,0,0.009,233.3,17094.8,24
2019-08-17 07:54:16+00:00,cycling,149,0,0.016,233.3,17094.8,24
2019-08-17 07:54:17+00:00,cycling,151,0,0.025,233.3,17094.8,24
2019-08-17 07:54:18+00:00,cycling,153,0,0.001,233.3,17094.8,24
2019-08-17 07:54:19+00:00,cycling,152,0,0.029,233.3,17094.8,23
2019-08-17 07:54:20+00:00,cycling,154,0,0.757,233.3,17095.6,24
2019-08-17 07:54:21+00:00,cycling,151,0,1.151,233.3,17096.7,24
2019-08-17 07:54:22+00:00,cycling,153,0,0.868,233.3,17097.6,24
2019-08-17 07:54:23+00:00,cycling,154,0,0.985,233.3,17098.6,24
2019-08-17 07:54:24+00:00,cycling,154,0,0.916,233.3,17099.5,24
2019-08-17 07:54:25+00:00,cycling,155,0,1.083,233.3,17100.6,23
2019-08-17 07:54:26+00:00,cycling,149,0,1.131,233.3,17101.7,24
2019-08-17 07:54:27+00:00,cycling,151,0,1.232,233.3,17103.0,24
2019-08-17 07:54:28+00:00,cycling,149,0,1.056,233.3,17104.0,24
2019-08-17 07:54:29+00:00,cycling,147,0,1.775,233.3,17105.8,23
2019-08-17 07:54:30+00:00,cycling,151,0,0.695,233.3,17106.5,24
2019-08-17 07:54:31+00:00,cycling,152,0,1.058,233.3,17107.5,24
2019-08-17 07:54:32+00:00,cycling,151,0,1.198,233.3,17108.7,24
2019-08-17 07:54:33+00:00,cycling,152,0,1.586,233.3,17110.3,24
2019-08-17 07:54:34+00:00,cycling,149,0,1.427,233.3,17111.7,24
2019-08-17 07:54:35+00:00,cycling,149,0,1.052,233.3,17112.8,24
2019-08-17 07:54:36+00:00,cycling,150,0,1.629,233.3,17114.4,24
2019-08-17 07:54:37+00:00,cycling,148,0,0.248,233.3,17114.7,24
2019-08-17 07:54:38+00:00,cycling,153,0,0.958,233.3,17115.6,24
2019-08-17 07:54:39+00:00,cycling,149,0,0.665,233.3,17116.3,24
2019-08-17 07:54:40+00:00,cycling,148,0,0.859,233.3,17117.2,24
2019-08-17 07:54:41+00:00,cycling,147,0,0.751,233.3,17117.9,24
2019-08-17 07:54:42+00:00,cycling,146,0,1.041,233.3,17118.9,24
2019-08-17 07:54:43+00:00,cycling,147,0,1.586,233.3,17120.5,23
2019-08-17 07:54:44+00:00,cycling,143,0,1.233,233.3,17121.8,24
2019-08-17 07:54:45+00:00,cycling,150,0,1.065,233.2,17122.8,24
2019-08-17 07:54:46+00:00,cycling,149,0,1.186,233.2,17124.0,24
2019-08-17 07:54:47+00:00,cycling,149,0,0.837,233.2,17124.9,24
2019-08-17 07:54:48+00:00,cycling,144,0,1.534,233.3,17126.4,24
2019-08-17 07:54:49+00:00,cycling,148,0,1.121,233.2,17127.5,24
2019-08-17 07:54:50+00:00,cycling,144,0,1.355,233.2,17128.9,24
2019-08-17 07:54:51+00:00,cycling,150,0,1.164,233.3,17130.0,24
2019-08-17 07:54:52+00:00,cycling,149,0,0.933,233.3,17131.0,24
2019-08-17 07:54:53+00:00,cycling,143,0,1.628,233.3,17132.6,24
2019-08-17 07:54:54+00:00,cycling,145,0,1.604,233.3,17134.2,24
2019-08-17 07:54:55+00:00,cycling,147,0,0.97,233.3,17135.2,24
2019-08-17 07:54:56+00:00,cycling,147,0,1.546,233.3,17136.7,23
2019-08-17 07:54:57+00:00,cycling,149,0,1.531,233.3,17138.2,24
2019-08-17 07:54:58+00:00,cycling,145,0,0.926,233.3,17139.2,24
2019-08-17 07:54:59+00:00,cycling,144,0,1.937,233.3,17141.1,24
2019-08-17 07:55:00+00:00,cycling,142,0,0.814,233.3,17141.9,24
2019-08-17 07:55:01+00:00,cycling,145,0,0.754,233.2,17142.7,24
2019-08-17 07:55:02+00:00,cycling,146,0,1.415,233.2,17144.1,24
2019-08-17 07:55:03+00:00,cycling,146,0,1.24,233.2,17145.3,24
2019-08-17 07:55:04+00:00,cycling,145,0,1.689,233.2,17147.0,24
2019-08-17 07:55:05+00:00,cycling,147,0,0.979,233.2,17148.0,24
2019-08-17 07:55:06+00:00,cycling,143,0,1.005,233.2,17149.0,24
2019-08-17 07:55:07+00:00,cycling,142,0,1.019,233.2,17150.0,24
2019-08-17 07:55:08+00:00,cycling,143,0,1.03,233.3,17151.1,24
2019-08-17 07:55:09+00:00,cycling,143,0,1.13,233.2,17152.2,24
2019-08-17 07:55:10+00:00,cycling,144,0,1.227,233.2,17153.4,24
2019-08-17 07:55:11+00:00,cycling,146,0,0.945,233.3,17154.4,24
2019-08-17 07:55:12+00:00,cycling,146,0,0.895,233.3,17155.2,24
2019-08-17 07:55:13+00:00,cycling,141,0,1.02,233.3,17156.3,24
2019-08-17 07:55:14+00:00,cycling,141,0,2.098,233.3,17158.4,23
2019-08-17 07:55:15+00:00,cycling,145,0,1.147,233.3,17159.5,24
2019-08-17 07:55:16+00:00,cycling,142,0,0.902,233.3,17160.4,24
2019-08-17 07:55:17+00:00,cycling,145,0,1.275,233.3,17161.7,24
2019-08-17 07:55:18+00:00,cycling,140,0,1.01,233.3,17162.7,23
2019-08-17 07:55:19+00:00,cycling,143,0,1.436,233.3,17164.1,24
2019-08-17 07:55:20+00:00,cycling,140,0,0.835,233.3,17165.0,24
2019-08-17 07:55:21+00:00,cycling,142,0,0.862,233.3,17165.8,24
2019-08-17 07:55:22+00:00,cycling,141,0,1.505,233.3,17167.3,24
2019-08-17 07:55:23+00:00,cycling,144,0,1.213,233.3,17168.6,24
2019-08-17 07:55:24+00:00,cycling,138,0,0.975,233.3,17169.5,24
2019-08-17 07:55:25+00:00,cycling,141,0,0.874,233.3,17170.4,24
2019-08-17 07:55:26+00:00,cycling,140,0,1.27,233.3,17171.7,24
2019-08-17 07:55:27+00:00,cycling,144,0,1.064,233.2,17172.7,24
2019-08-17 07:55:28+00:00,cycling,138,0,1.416,233.2,17174.2,24
2019-08-17 07:55:29+00:00,cycling,141,0,0.96,233.2,17175.1,24
2019-08-17 07:55:30+00:00,cycling,139,0,0.998,233.2,17176.1,24
2019-08-17 07:55:31+00:00,cycling,136,0,1.146,233.2,17177.3,24
2019-08-17 07:55:32+00:00,cycling,142,0,1.028,233.2,17178.3,24
2019-08-17 07:55:33+00:00,cycling,140,0,0.991,233.2,17179.3,24
2019-08-17 07:55:34+00:00,cycling,142,0,1.001,233.2,17180.3,24
2019-08-17 07:55:35+00:00,cycling,138,0,0.983,233.2,17181.3,24
2019-08-17 07:55:36+00:00,cycling,141,0,1.548,233.2,17182.8,24
2019-08-17 07:55:37+00:00,cycling,138,0,1.251,233.2,17184.1,24
2019-08-17 07:55:38+00:00,cycling,140,0,1.067,233.2,17185.1,24
2019-08-17 07:55:39+00:00,cycling,139,0,0.841,233.2,17186.0,24
2019-08-17 07:55:40+00:00,cycling,138,0,1.169,233.2,17187.1,24
2019-08-17 07:55:41+00:00,cycling,136,0,1.124,233.2,17188.3,24
2019-08-17 07:55:42+00:00,cycling,138,0,1.267,233.2,17189.5,24
2019-08-17 07:55:43+00:00,cycling,137,0,1.355,233.2,17190.9,24
2019-08-17 07:55:44+00:00,cycling,141,0,1.973,233.2,17192.9,24
2019-08-17 07:55:45+00:00,cycling,140,0,1.225,233.2,17194.1,24
2019-08-17 07:55:46+00:00,cycling,137,0,1.275,233.2,17195.4,24
2019-08-17 07:55:47+00:00,cycling,138,0,0.829,233.2,17196.2,24
2019-08-17 07:55:48+00:00,cycling,135,0,1.347,233.2,17197.5,24
2019-08-17 07:55:49+00:00,cycling,136,0,1.203,233.2,17198.7,23
2019-08-17 07:55:50+00:00,cycling,140,0,1.139,233.2,17199.9,24
2019-08-17 07:55:51+00:00,cycling,138,0,1.429,233.2,17201.3,24
2019-08-17 07:55:52+00:00,cycling,136,0,1.568,233.2,17202.9,24
2019-08-17 07:55:53+00:00,cycling,137,0,1.391,233.2,17204.3,24
2019-08-17 07:55:54+00:00,cycling,138,0,1.594,233.2,17205.9,24
2019-08-17 07:55:55+00:00,cycling,136,0,1.252,233.2,17207.1,24
2019-08-17 07:55:56+00:00,cycling,137,0,1.165,233.3,17208.3,24
2019-08-17 07:55:57+00:00,cycling,139,0,1.419,233.3,17209.7,23
2019-08-17 07:55:58+00:00,cycling,135,0,1.245,233.3,17210.9,24
2019-08-17 07:55:59+00:00,cycling,133,0,1.506,233.3,17212.4,24
2019-08-17 07:56:00+00:00,cycling,131,0,1.297,233.3,17213.7,24
2019-08-17 07:56:01+00:00,cycling,139,0,1.09,233.3,17214.8,24
2019-08-17 07:56:02+00:00,cycling,136,0,1.659,233.3,17216.5,24
2019-08-17 07:56:03+00:00,cycling,133,0,1.516,233.3,17218.0,24
2019-08-17 07:56:04+00:00,cycling,134,0,1.74,233.3,17219.7,24
2019-08-17 07:56:05+00:00,cycling,135,0,0.99,233.3,17220.7,24
2019-08-17 07:56:06+00:00,cycling,136,0,1.078,233.3,17221.8,24
2019-08-17 07:56:07+00:00,cycling,135,0,0.628,233.3,17222.4,24
2019-08-17 07:56:08+00:00,cycling,135,0,1.497,233.3,17223.9,23
2019-08-17 07:56:09+00:00,cycling,133,0,1.022,233.3,17225.0,24
2019-08-17 07:56:10+00:00,cycling,131,0,1.337,233.3,17226.3,24
2019-08-17 07:56:11+00:00,cycling,134,0,1.445,233.3,17227.7,24
2019-08-17 07:56:12+00:00,cycling,132,0,1.253,233.3,17229.0,24
2019-08-17 07:56:13+00:00,cycling,133,0,1.506,233.3,17230.5,24
2019-08-17 07:56:14+00:00,cycling,135,0,1.166,233.3,17231.7,24
2019-08-17 07:56:15+00:00,cycling,134,0,1.234,233.3,17232.9,24
2019-08-17 07:56:16+00:00,cycling,132,0,0.833,233.3,17233.7,24
2019-08-17 07:56:17+00:00,cycling,136,0,1.09,233.3,17234.8,24
2019-08-17 07:56:18+00:00,cycling,133,0,1.484,233.3,17236.3,24
2019-08-17 07:56:19+00:00,cycling,132,0,1.008,233.3,17237.3,24
2019-08-17 07:56:20+00:00,cycling,132,0,1.434,233.3,17238.7,23
2019-08-17 07:56:21+00:00,cycling,130,0,1.327,233.3,17240.1,24
2019-08-17 07:56:22+00:00,cycling,133,0,0.979,233.3,17241.1,25
2019-08-17 07:56:23+00:00,cycling,134,0,1.186,233.3,17242.2,23
2019-08-17 07:56:24+00:00,cycling,131,0,0.948,233.3,17243.2,24
2019-08-17 07:56:25+00:00,cycling,131,0,1.418,233.3,17244.6,24
2019-08-17 07:56:26+00:00,cycling,125,0,0.695,233.3,17245.3,24
2019-08-17 07:56:27+00:00,cycling,127,0,0.556,233.4,17245.9,24
2019-08-17 07:56:28+00:00,cycling,130,0,1.378,233.4,17247.2,24
2019-08-17 07:56:29+00:00,cycling,128,0,1.106,233.3,17248.3,24
2019-08-17 07:56:30+00:00,cycling,128,0,0.894,233.3,17249.2,24
2019-08-17 07:56:31+00:00,cycling,131,0,1.115,233.3,17250.3,24
2019-08-17 07:56:32+00:00,cycling,131,0,1.062,233.3,17251.4,24
2019-08-17 07:56:33+00:00,cycling,127,0,1.09,233.4,17252.5,24
2019-08-17 07:56:34+00:00,cycling,129,0,1.69,233.4,17254.2,24
2019-08-17 07:56:35+00:00,cycling,126,0,1.427,233.4,17255.6,24
2019-08-17 07:56:36+00:00,cycling,129,0,1.193,233.4,17256.8,24
2019-08-17 07:56:37+00:00,cycling,127,0,1.84,233.4,17258.7,24
2019-08-17 07:56:38+00:00,cycling,132,0,0.791,233.4,17259.4,24
2019-08-17 07:56:39+00:00,cycling,128,0,0.93,233.4,17260.4,24
2019-08-17 07:56:40+00:00,cycling,130,0,1.276,233.4,17261.6,24
2019-08-17 07:56:41+00:00,cycling,129,0,1.445,233.4,17263.1,24
2019-08-17 07:56:42+00:00,cycling,127,0,1.102,233.4,17264.2,24
2019-08-17 07:56:43+00:00,cycling,125,0,1.096,233.4,17265.3,24
2019-08-17 07:56:44+00:00,cycling,128,0,0.694,233.4,17266.0,24
2019-08-17 07:56:45+00:00,cycling,126,0,0.992,233.4,17267.0,24
2019-08-17 07:56:46+00:00,cycling,129,0,1.599,233.4,17268.6,24
2019-08-17 07:56:47+00:00,cycling,127,0,1.259,233.4,17269.8,24
2019-08-17 07:56:48+00:00,cycling,128,0,1.375,233.4,17271.2,24
2019-08-17 07:56:49+00:00,cycling,130,0,1.203,233.4,17272.4,24
2019-08-17 07:56:50+00:00,cycling,127,0,1.693,233.4,17274.1,24
2019-08-17 07:56:51+00:00,cycling,126,0,0.769,233.4,17274.9,24
2019-08-17 07:56:52+00:00,cycling,128,0,1.522,233.4,17276.4,24
2019-08-17 07:56:53+00:00,cycling,122,0,1.475,233.4,17277.9,24
2019-08-17 07:56:54+00:00,cycling,127,0,1.177,233.4,17279.0,23
2019-08-17 07:56:55+00:00,cycling,122,0,1.269,233.4,17280.3,24
2019-08-17 07:56:56+00:00,cycling,126,0,1.215,233.4,17281.5,24
2019-08-17 07:56:57+00:00,cycling,123,0,1.247,233.4,17282.8,23
2019-08-17 07:56:58+00:00,cycling,126,0,1.378,233.4,17284.2,24
2019-08-17 07:56:59+00:00,cycling,126,0,1.058,233.4,17285.2,24
